program,n,regime,units,distinct_plans,plans,empirical_best,best_ns,fixed_plan,fixed_ns,fixed_regret,second_best,second_best_regret,ranking,twin_regret,opportunity,opp_ratio,opp_ci_low,opp_vs,decisive_winner,fixed_minflt,best_minflt,ns_P5,ns_P6,ns_P7
after_use,64,glibc_default,45,1,P5=P6=P7,P5,3328.2,P5,3328.2,1.0000,,,P5,1.0137,,,,,,0.00,0.00,3328.2,,
after_use,64,glibc_t1,45,1,P5=P6=P7,P5,3292.1,P5,3292.1,1.0000,,,P5,1.0000,,,,,,0.00,0.00,3292.1,,
after_use,64,glibc_t2,45,1,P5=P6=P7,P5,3269.7,P5,3269.7,1.0000,,,P5,1.0000,,,,,,0.00,0.00,3269.7,,
after_use,64,arena_cold,45,1,P5=P6=P7,P5,480.9,P5,480.9,1.0000,,,P5,1.0000,,,,,,0.16,0.16,480.9,,
after_use,64,arena_warm,45,1,P5=P6=P7,P5,305.5,P5,305.5,1.0000,,,P5,1.0008,,,,,,0.00,0.00,305.5,,
after_use,64,glibc_default_fresh,45,1,P5=P6=P7,P5,3241.8,P5,3241.8,1.0000,,,P5,1.0000,,,,,,0.00,0.00,3241.8,,
after_use,1024,glibc_default,45,1,P5=P6=P7,P5,3914.1,P5,3914.1,1.0000,,,P5,1.0016,,,,,,0.00,0.00,3914.1,,
after_use,1024,glibc_t1,45,1,P5=P6=P7,P5,3834.8,P5,3834.8,1.0000,,,P5,1.0000,,,,,,0.00,0.00,3834.8,,
after_use,1024,glibc_t2,45,1,P5=P6=P7,P5,3765.4,P5,3765.4,1.0000,,,P5,1.0000,,,,,,0.00,0.00,3765.4,,
after_use,1024,arena_cold,45,1,P5=P6=P7,P5,2965.2,P5,2965.2,1.0000,,,P5,1.0041,,,,,,2.03,2.03,2965.2,,
after_use,1024,arena_warm,45,1,P5=P6=P7,P5,640.1,P5,640.1,1.0000,,,P5,1.0000,,,,,,0.00,0.00,640.1,,
after_use,1024,glibc_default_fresh,45,1,P5=P6=P7,P5,3869.4,P5,3869.4,1.0000,,,P5,1.0050,,,,,,0.00,0.00,3869.4,,
after_use,4096,glibc_default,45,1,P5=P6=P7,P5,1580.0,P5,1580.0,1.0000,,,P5,1.0051,,,,,,0.00,0.00,1580.0,,
after_use,4096,glibc_t1,45,1,P5=P6=P7,P5,1512.0,P5,1512.0,1.0000,,,P5,1.0000,,,,,,0.00,0.00,1512.0,,
after_use,4096,glibc_t2,45,1,P5=P6=P7,P5,1474.0,P5,1474.0,1.0000,,,P5,1.0020,,,,,,0.00,0.00,1474.0,,
after_use,4096,arena_cold,45,1,P5=P6=P7,P5,11213.0,P5,11213.0,1.0000,,,P5,1.0000,,,,,,9.00,9.00,11213.0,,
after_use,4096,arena_warm,45,1,P5=P6=P7,P5,1525.0,P5,1525.0,1.0000,,,P5,1.0073,,,,,,0.00,0.00,1525.0,,
after_use,4096,glibc_default_fresh,45,1,P5=P6=P7,P5,1480.0,P5,1480.0,1.0000,,,P5,1.0000,,,,,,0.00,0.00,1480.0,,
after_use,16384,glibc_default,45,1,P5=P6=P7,P5,4709.0,P5,4709.0,1.0000,,,P5,1.0002,,,,,,0.00,0.00,4709.0,,
after_use,16384,glibc_t1,45,1,P5=P6=P7,P5,4687.0,P5,4687.0,1.0000,,,P5,1.0000,,,,,,0.00,0.00,4687.0,,
after_use,16384,glibc_t2,45,1,P5=P6=P7,P5,4690.0,P5,4690.0,1.0000,,,P5,1.0036,,,,,,0.00,0.00,4690.0,,
after_use,16384,arena_cold,45,1,P5=P6=P7,P5,38531.0,P5,38531.0,1.0000,,,P5,1.0011,,,,,,33.00,33.00,38531.0,,
after_use,16384,arena_warm,45,1,P5=P6=P7,P5,4650.0,P5,4650.0,1.0000,,,P5,1.0004,,,,,,0.00,0.00,4650.0,,
after_use,16384,glibc_default_fresh,45,1,P5=P6=P7,P5,4692.0,P5,4692.0,1.0000,,,P5,1.0019,,,,,,0.00,0.00,4692.0,,
after_use,65536,glibc_default,45,1,P5=P6=P7,P5,19376.0,P5,19376.0,1.0000,,,P5,1.0022,,,,,,0.00,0.00,19376.0,,
after_use,65536,glibc_t1,45,1,P5=P6=P7,P5,18858.0,P5,18858.0,1.0000,,,P5,1.0000,,,,,,0.00,0.00,18858.0,,
after_use,65536,glibc_t2,45,1,P5=P6=P7,P5,150367.0,P5,150367.0,1.0000,,,P5,1.0000,,,,,,130.00,130.00,150367.0,,
after_use,65536,arena_cold,45,1,P5=P6=P7,P5,151822.0,P5,151822.0,1.0000,,,P5,1.0038,,,,,,129.00,129.00,151822.0,,
after_use,65536,arena_warm,45,1,P5=P6=P7,P5,20017.0,P5,20017.0,1.0000,,,P5,1.0000,,,,,,0.00,0.00,20017.0,,
after_use,65536,glibc_default_fresh,45,1,P5=P6=P7,P5,18547.0,P5,18547.0,1.0000,,,P5,1.0000,,,,,,0.00,0.00,18547.0,,
after_use,262144,glibc_default,45,1,P5=P6=P7,P5,248891.0,P5,248891.0,1.0000,,,P5,1.0275,,,,,,0.00,0.00,248891.0,,
after_use,262144,glibc_t1,45,1,P5=P6=P7,P5,252265.0,P5,252265.0,1.0000,,,P5,1.0183,,,,,,0.00,0.00,252265.0,,
after_use,262144,glibc_t2,45,1,P5=P6=P7,P5,694712.0,P5,694712.0,1.0000,,,P5,1.0041,,,,,,514.00,514.00,694712.0,,
after_use,262144,arena_cold,45,1,P5=P6=P7,P5,682759.0,P5,682759.0,1.0000,,,P5,1.0000,,,,,,513.00,513.00,682759.0,,
after_use,262144,arena_warm,45,1,P5=P6=P7,P5,233511.0,P5,233511.0,1.0000,,,P5,1.0000,,,,,,0.00,0.00,233511.0,,
after_use,262144,glibc_default_fresh,45,1,P5=P6=P7,P5,229837.0,P5,229837.0,1.0000,,,P5,1.0000,,,,,,0.00,0.00,229837.0,,
after_use,1048576,glibc_default,45,1,P5=P6=P7,P5,1008769.0,P5,1008769.0,1.0000,,,P5,1.0034,,,,,,0.00,0.00,1008769.0,,
after_use,1048576,glibc_t1,45,1,P5=P6=P7,P5,1013573.0,P5,1013573.0,1.0000,,,P5,1.0058,,,,,,0.00,0.00,1013573.0,,
after_use,1048576,glibc_t2,45,1,P5=P6=P7,P5,2808723.0,P5,2808723.0,1.0000,,,P5,1.0000,,,,,,2050.00,2050.00,2808723.0,,
after_use,1048576,arena_cold,45,1,P5=P6=P7,P5,2943764.0,P5,2943764.0,1.0000,,,P5,1.0000,,,,,,2049.00,2049.00,2943764.0,,
after_use,1048576,arena_warm,45,1,P5=P6=P7,P5,1017982.0,P5,1017982.0,1.0000,,,P5,1.0235,,,,,,0.00,0.00,1017982.0,,
after_use,1048576,glibc_default_fresh,45,1,P5=P6=P7,P5,980232.0,P5,980232.0,1.0000,,,P5,1.0000,,,,,,0.00,0.00,980232.0,,
after_use,4194304,glibc_default,45,1,P5=P6=P7,P5,6229106.0,P5,6229106.0,1.0000,,,P5,1.0023,,,,,,0.00,0.00,6229106.0,,
after_use,4194304,glibc_t1,45,1,P5=P6=P7,P5,5710758.0,P5,5710758.0,1.0000,,,P5,1.0000,,,,,,0.00,0.00,5710758.0,,
after_use,4194304,glibc_t2,45,1,P5=P6=P7,P5,17432857.0,P5,17432857.0,1.0000,,,P5,1.0000,,,,,,8194.00,8194.00,17432857.0,,
after_use,4194304,arena_cold,45,1,P5=P6=P7,P5,17254915.0,P5,17254915.0,1.0000,,,P5,1.0082,,,,,,8193.00,8193.00,17254915.0,,
after_use,4194304,arena_warm,45,1,P5=P6=P7,P5,5986379.0,P5,5986379.0,1.0000,,,P5,1.0000,,,,,,0.00,0.00,5986379.0,,
after_use,4194304,glibc_default_fresh,45,1,P5=P6=P7,P5,5594649.0,P5,5594649.0,1.0000,,,P5,1.0000,,,,,,0.00,0.00,5594649.0,,
after_use,16777216,glibc_default,45,1,P5=P6=P7,P5,76304628.0,P5,76304628.0,1.0000,,,P5,1.0023,,,,,,32770.00,32770.00,76304628.0,,
after_use,16777216,glibc_t1,45,1,P5=P6=P7,P5,78921695.0,P5,78921695.0,1.0000,,,P5,1.0000,,,,,,32770.00,32770.00,78921695.0,,
after_use,16777216,glibc_t2,45,1,P5=P6=P7,P5,75423518.0,P5,75423518.0,1.0000,,,P5,1.0016,,,,,,32770.00,32770.00,75423518.0,,
after_use,16777216,arena_cold,45,1,P5=P6=P7,P5,80203176.0,P5,80203176.0,1.0000,,,P5,1.0050,,,,,,32769.00,32769.00,80203176.0,,
after_use,16777216,arena_warm,45,1,P5=P6=P7,P5,35424016.0,P5,35424016.0,1.0000,,,P5,1.0019,,,,,,0.00,0.00,35424016.0,,
after_use,16777216,glibc_default_fresh,45,1,P5=P6=P7,P5,74568892.0,P5,74568892.0,1.0000,,,P5,1.0030,,,,,,32770.00,32770.00,74568892.0,,
chain3,64,glibc_default,45,3,P5|P6|P7,P7,1475.9,P7,1475.9,1.0000,P6,1.0024,P7>P6>P5,1.0095,0,0.9898,0.9823,P6,,0.00,0.00,1525.3,1479.5,1475.9
chain3,64,glibc_t1,45,3,P5|P6|P7,P7,1464.4,P7,1464.4,1.0000,P6,1.0161,P7>P6>P5,1.0099,0,0.9870,0.9795,P6,,0.00,0.00,1534.6,1487.9,1464.4
chain3,64,glibc_t2,45,3,P5|P6|P7,P7,1451.5,P7,1451.5,1.0000,P6,1.0154,P7>P6>P5,1.0015,0,0.9851,0.9743,P6,,0.00,0.00,1515.7,1473.9,1451.5
chain3,64,arena_cold,45,3,P5|P6|P7,P7,421.3,P7,421.3,1.0000,P6,1.0205,P7>P6>P5,1.0123,0,0.9739,0.9542,P6,,0.08,0.08,458.2,430.0,421.3
chain3,64,arena_warm,45,3,P5|P6|P7,P7,331.1,P7,331.1,1.0000,P6,1.0190,P7>P6>P5,1.0112,0,0.9757,0.9532,P6,,0.00,0.00,367.0,337.4,331.1
chain3,64,glibc_default_fresh,45,3,P5|P6|P7,P7,1452.2,P7,1452.2,1.0000,P6,1.0375,P7>P6>P5,1.0000,0,0.9814,0.9706,P6,P7,0.00,0.00,1553.4,1506.7,1452.2
chain3,1024,glibc_default,45,3,P5|P6|P7,P7,1788.7,P7,1788.7,1.0000,P6,1.0507,P7>P6>P5,1.0149,0,0.9447,0.9368,P6,P7,0.00,0.00,1962.3,1879.3,1788.7
chain3,1024,glibc_t1,45,3,P5|P6|P7,P7,1772.8,P7,1772.8,1.0000,P6,1.0752,P7>P6>P5,1.0080,0,0.9376,0.9214,P6,P7,0.00,0.00,1991.9,1906.1,1772.8
chain3,1024,glibc_t2,45,3,P5|P6|P7,P7,1765.1,P7,1765.1,1.0000,P6,1.0765,P7>P6>P5,1.0058,0,0.9338,0.9231,P6,P7,0.00,0.00,1966.1,1900.1,1765.1
chain3,1024,arena_cold,45,3,P5|P6|P7,P7,1810.5,P7,1810.5,1.0000,P6,1.0462,P7>P6>P5,1.0097,0,0.9530,0.9333,P6,P7,1.02,1.02,1938.9,1894.2,1810.5
chain3,1024,arena_warm,45,3,P5|P6|P7,P7,597.1,P7,597.1,1.0000,P6,1.1737,P7>P6>P5,1.0104,0,0.8545,0.8393,P6,P7,0.00,0.00,748.4,700.8,597.1
chain3,1024,glibc_default_fresh,45,3,P5|P6|P7,P7,1765.1,P7,1765.1,1.0000,P6,1.0772,P7>P6>P5,1.0023,0,0.9303,0.9141,P6,P7,0.00,0.00,1979.0,1901.4,1765.1
chain3,4096,glibc_default,45,3,P5|P6|P7,P7,1764.0,P7,1764.0,1.0000,P6,1.0964,P7>P6>P5,1.0000,0,0.9140,0.9051,P6,P7,0.00,0.00,2283.0,1934.0,1764.0
chain3,4096,glibc_t1,45,3,P5|P6|P7,P7,1790.0,P7,1790.0,1.0000,P6,1.0749,P7>P6>P5,1.0062,0,0.9372,0.9246,P6,P7,0.00,0.00,2233.0,1924.0,1790.0
chain3,4096,glibc_t2,45,3,P5|P6|P7,P7,1776.0,P7,1776.0,1.0000,P6,1.0755,P7>P6>P5,1.0034,0,0.9319,0.9263,P6,P7,0.00,0.00,2217.0,1910.0,1776.0
chain3,4096,arena_cold,45,3,P5|P6|P7,P7,7482.0,P7,7482.0,1.0000,P6,1.0144,P7>P6>P5,1.0000,0,0.9840,0.9767,P6,,5.00,5.00,17418.0,7590.0,7482.0
chain3,4096,arena_warm,45,3,P5|P6|P7,P7,1736.0,P7,1736.0,1.0000,P6,1.0985,P7>P6>P5,1.0023,0,0.9050,0.8936,P6,P7,0.00,0.00,2055.0,1907.0,1736.0
chain3,4096,glibc_default_fresh,45,3,P5|P6|P7,P7,1804.0,P7,1804.0,1.0000,P6,1.0665,P7>P6>P5,1.0101,0,0.9289,0.9166,P6,P7,0.00,0.00,2230.0,1924.0,1804.0
chain3,16384,glibc_default,45,3,P5|P6|P7,P7,5932.0,P7,5932.0,1.0000,P6,1.1312,P7>P6>P5,1.0000,0,0.8860,0.8835,P6,P7,0.00,0.00,7054.0,6710.0,5932.0
chain3,16384,glibc_t1,45,3,P5|P6|P7,P7,5925.0,P7,5925.0,1.0000,P6,1.1242,P7>P6>P5,1.0000,0,0.8895,0.8860,P6,P7,0.00,0.00,7075.0,6661.0,5925.0
chain3,16384,glibc_t2,45,3,P5|P6|P7,P7,5949.0,P7,5949.0,1.0000,P6,1.1230,P7>P6>P5,1.0015,0,0.8890,0.8862,P6,P7,0.00,0.00,6984.0,6681.0,5949.0
chain3,16384,arena_cold,45,3,P5|P6|P7,P7,23329.0,P7,23329.0,1.0000,P6,1.0373,P7>P6>P5,1.0000,0,0.9504,0.8907,P6,,17.00,17.00,54826.0,24200.0,23329.0
chain3,16384,arena_warm,45,3,P5|P6|P7,P7,5884.0,P7,5884.0,1.0000,P6,1.1319,P7>P6>P5,1.0000,0,0.8856,0.8814,P6,P7,0.00,0.00,6798.0,6660.0,5884.0
chain3,16384,glibc_default_fresh,45,3,P5|P6|P7,P7,5942.0,P7,5942.0,1.0000,P6,1.1166,P7>P6>P5,1.0017,0,0.8948,0.8928,P6,P7,0.00,0.00,7013.0,6635.0,5942.0
chain3,65536,glibc_default,45,3,P5|P6|P7,P7,24086.0,P7,24086.0,1.0000,P6,1.1333,P7>P6>P5,1.0024,0,0.8825,0.8736,P6,P7,0.00,0.00,37821.0,27296.0,24086.0
chain3,65536,glibc_t1,45,3,P5|P6|P7,P7,22672.0,P7,22672.0,1.0000,P6,1.1865,P7>P6>P5,1.0000,0,0.8648,0.8598,P6,P7,0.00,0.00,39090.0,26901.0,22672.0
chain3,65536,glibc_t2,45,3,P5|P6|P7,P7,87253.0,P7,87253.0,1.0000,P6,1.0575,P7>P6>P5,1.0119,0,0.9527,0.9286,P6,,65.00,65.00,247501.0,92272.0,87253.0
chain3,65536,arena_cold,45,3,P5|P6|P7,P7,88763.0,P7,88763.0,1.0000,P6,1.0863,P7>P6>P5,1.0138,0,0.9076,0.8926,P6,P7,65.00,65.00,238495.0,96423.0,88763.0
chain3,65536,arena_warm,45,3,P5|P6|P7,P7,23161.0,P7,23161.0,1.0000,P6,1.1313,P7>P6>P5,1.0000,0,0.8739,0.8707,P6,P7,0.00,0.00,37518.0,26203.0,23161.0
chain3,65536,glibc_default_fresh,45,3,P5|P6|P7,P7,23249.0,P7,23249.0,1.0000,P6,1.1661,P7>P6>P5,1.0108,0,0.8621,0.8371,P6,P7,0.00,0.00,216721.0,27111.0,23249.0
chain3,262144,glibc_default,45,3,P5|P6|P7,P7,240786.0,P7,240786.0,1.0000,P6,1.0565,P7>P6>P5,1.0106,0,0.9211,0.9042,P6,P7,0.00,0.00,366241.0,254381.0,240786.0
chain3,262144,glibc_t1,45,3,P5|P6|P7,P7,235885.0,P7,235885.0,1.0000,P6,1.0883,P7>P6>P5,1.0082,0,0.9284,0.9107,P6,P7,0.00,0.00,366476.0,256709.0,235885.0
chain3,262144,glibc_t2,45,3,P5|P6|P7,P7,457024.0,P7,457024.0,1.0000,P6,1.0599,P7>P6>P5,1.0000,0,0.9494,0.9064,P6,,257.00,257.00,1098277.0,484391.0,457024.0
chain3,262144,arena_cold,45,3,P5|P6|P7,P7,468193.0,P7,468193.0,1.0000,P6,1.0659,P7>P6>P5,1.0117,0,0.9217,0.9064,P6,P7,257.00,257.00,1036337.0,499064.0,468193.0
chain3,262144,arena_warm,45,3,P5|P6|P7,P7,242325.0,P7,242325.0,1.0000,P6,1.0542,P7>P6>P5,1.0000,0,0.9363,0.9125,P6,P7,0.00,0.00,374538.0,255461.0,242325.0
chain3,262144,glibc_default_fresh,45,3,P5|P6|P7,P7,224242.0,P7,224242.0,1.0000,P6,1.0853,P7>P6>P5,1.0000,0,0.9324,0.9097,P6,,0.00,0.00,1044804.0,243376.0,224242.0
chain3,1048576,glibc_default,45,3,P5|P6|P7,P7,999470.0,P7,999470.0,1.0000,P6,1.1770,P7>P6>P5,1.0000,0,0.8471,0.8382,P6,P7,0.00,0.00,1595909.0,1176421.0,999470.0
chain3,1048576,glibc_t1,45,3,P5|P6|P7,P7,994359.0,P7,994359.0,1.0000,P6,1.1838,P7>P6>P5,1.0000,0,0.8442,0.8369,P6,P7,0.00,0.00,1588156.0,1177105.0,994359.0
chain3,1048576,glibc_t2,45,3,P5|P6|P7,P7,1850433.0,P7,1850433.0,1.0000,P6,1.1012,P7>P6>P5,1.0000,0,0.9059,0.8966,P6,P7,1025.00,1025.00,4791640.0,2037686.0,1850433.0
chain3,1048576,arena_cold,45,3,P5|P6|P7,P7,1903938.0,P7,1903938.0,1.0000,P6,1.1484,P7>P6>P5,1.0021,0,0.8833,0.8726,P6,P7,1025.00,1025.00,4971041.0,2186390.0,1903938.0
chain3,1048576,arena_warm,45,3,P5|P6|P7,P7,995458.0,P7,995458.0,1.0000,P6,1.1710,P7>P6>P5,1.0089,0,0.8434,0.8401,P6,P7,0.00,0.00,1567306.0,1165642.0,995458.0
chain3,1048576,glibc_default_fresh,45,3,P5|P6|P7,P7,955775.0,P7,955775.0,1.0000,P6,1.1850,P7>P6>P5,1.0003,0,0.8471,0.8399,P6,P7,0.00,0.00,4643363.0,1132635.0,955775.0
chain3,4194304,glibc_default,45,3,P5|P6|P7,P7,6277976.0,P7,6277976.0,1.0000,P6,1.1736,P7>P6>P5,1.0002,0,0.8551,0.8422,P6,P7,0.00,0.00,9933749.0,7367658.0,6277976.0
chain3,4194304,glibc_t1,45,3,P5|P6|P7,P7,5975794.0,P7,5975794.0,1.0000,P6,1.1652,P7>P6>P5,1.0141,0,0.8539,0.8409,P6,P7,0.00,0.00,9411410.0,6963059.0,5975794.0
chain3,4194304,glibc_t2,45,3,P5|P6|P7,P7,11830448.0,P7,11830448.0,1.0000,P6,1.0865,P7>P6>P5,1.0117,0,0.9111,0.8923,P6,P7,4097.00,4097.00,30278436.0,12853559.0,11830448.0
chain3,4194304,arena_cold,45,3,P5|P6|P7,P7,11282157.0,P7,11282157.0,1.0000,P6,1.2689,P7>P6>P5,1.0028,0,0.8746,0.7837,P6,P7,4097.00,4097.00,27947568.0,14316171.0,11282157.0
chain3,4194304,arena_warm,45,3,P5|P6|P7,P7,5899472.0,P7,5899472.0,1.0000,P6,1.1899,P7>P6>P5,1.0181,0,0.8551,0.8421,P6,P7,0.00,0.00,9461461.0,7019621.0,5899472.0
chain3,4194304,glibc_default_fresh,45,3,P5|P6|P7,P7,6531015.0,P7,6531015.0,1.0000,P6,1.1610,P7>P6>P5,1.0469,0,0.8354,0.8177,P6,P7,0.00,0.00,28799914.0,7582800.0,6531015.0
chain3,16777216,glibc_default,45,3,P5|P6|P7,P7,55308575.0,P7,55308575.0,1.0000,P6,1.1021,P7>P6>P5,1.0103,0,0.9046,0.8932,P6,P7,16385.00,16385.00,117506381.0,60956581.0,55308575.0
chain3,16777216,glibc_t1,45,3,P5|P6|P7,P7,56287469.0,P7,56287469.0,1.0000,P6,1.1577,P7>P6>P5,1.0000,0,0.8716,0.8635,P6,P7,16385.00,16385.00,125156844.0,65162738.0,56287469.0
chain3,16777216,glibc_t2,45,3,P5|P6|P7,P7,53880812.0,P7,53880812.0,1.0000,P6,1.1370,P7>P6>P5,1.0000,0,0.8873,0.8721,P6,P7,16385.00,16385.00,117591174.0,61262077.0,53880812.0
chain3,16777216,arena_cold,45,3,P5|P6|P7,P7,54761688.0,P7,54761688.0,1.0000,P6,1.1336,P7>P6>P5,1.0000,0,0.8787,0.8712,P6,P7,16385.00,16385.00,115716332.0,62079154.0,54761688.0
chain3,16777216,arena_warm,45,3,P5|P6|P7,P7,32622545.0,P7,32622545.0,1.0000,P6,1.2343,P7>P6>P5,1.0000,0,0.8125,0.8019,P6,P7,0.00,0.00,49286198.0,40267442.0,32622545.0
chain3,16777216,glibc_default_fresh,45,3,P5|P6|P7,P7,54977703.0,P7,54977703.0,1.0000,P6,1.1194,P7>P6>P5,1.0059,0,0.8927,0.8815,P6,P7,16385.00,16385.00,120605448.0,61541076.0,54977703.0
chain3,67108864,glibc_default,45,3,P5|P6|P7,P7,221490175.0,P7,221490175.0,1.0000,P6,1.1204,P7>P6>P5,1.0000,0,0.8796,0.8711,P6,P7,65537.00,65537.00,472396216.0,248150360.0,221490175.0
chain3,67108864,glibc_t1,45,3,P5|P6|P7,P7,219508481.0,P7,219508481.0,1.0000,P6,1.1347,P7>P6>P5,1.0034,0,0.8889,0.8750,P6,P7,65537.00,65537.00,466846926.0,249079394.0,219508481.0
chain3,67108864,glibc_t2,45,3,P5|P6|P7,P7,218884600.0,P7,218884600.0,1.0000,P6,1.1172,P7>P6>P5,1.0060,0,0.8847,0.8580,P6,P7,65537.00,65537.00,470791090.0,244532713.0,218884600.0
chain3,67108864,arena_cold,45,3,P5|P6|P7,P7,221253645.0,P7,221253645.0,1.0000,P6,1.1502,P7>P6>P5,1.0118,0,0.8720,0.8555,P6,P7,65537.00,65537.00,488124360.0,254475314.0,221253645.0
chain3,67108864,arena_warm,45,3,P5|P6|P7,P7,133524878.0,P7,133524878.0,1.0000,P6,1.2361,P7>P6>P5,1.0000,0,0.8156,0.8003,P6,P7,0.00,0.00,204034640.0,165051565.0,133524878.0
chain3,67108864,glibc_default_fresh,45,3,P5|P6|P7,P7,214749315.0,P7,214749315.0,1.0000,P6,1.1364,P7>P6>P5,1.0000,0,0.8788,0.8707,P6,P7,65537.00,65537.00,474247989.0,244047106.0,214749315.0
chain3_i32,64,glibc_default,45,3,P5|P6|P7,P7,1485.7,P7,1485.7,1.0000,P6,1.0160,P7>P6>P5,1.0023,0,0.9795,0.9645,P6,,0.00,0.00,1562.0,1509.4,1485.7
chain3_i32,64,glibc_t1,45,3,P5|P6|P7,P7,1454.8,P7,1454.8,1.0000,P6,1.0268,P7>P6>P5,1.0000,0,0.9779,0.9687,P6,,0.00,0.00,1540.3,1493.7,1454.8
chain3_i32,64,glibc_t2,45,3,P5|P6|P7,P7,1454.5,P7,1454.5,1.0000,P6,1.0145,P7>P6>P5,1.0007,0,0.9851,0.9790,P6,,0.00,0.00,1537.2,1475.6,1454.5
chain3_i32,64,arena_cold,45,3,P5|P6|P7,P7,426.7,P7,426.7,1.0000,P6,1.0572,P7>P6>P5,1.0000,0,0.9405,0.9151,P6,P7,0.08,0.08,461.5,451.1,426.7
chain3_i32,64,arena_warm,45,3,P5|P6|P7,P7,333.9,P7,333.9,1.0000,P6,1.0474,P7>P6>P5,1.0042,0,0.9685,0.9289,P6,,0.00,0.00,368.9,349.8,333.9
chain3_i32,64,glibc_default_fresh,45,3,P5|P6|P7,P7,1470.3,P7,1470.3,1.0000,P6,1.0157,P7>P6>P5,1.0146,0,0.9881,0.9783,P6,,0.00,0.00,1552.9,1493.4,1470.3
chain3_i32,1024,glibc_default,45,3,P5|P6|P7,P7,1787.3,P7,1787.3,1.0000,P6,1.0757,P7>P6>P5,1.0002,0,0.9283,0.9112,P6,P7,0.00,0.00,1997.8,1922.5,1787.3
chain3_i32,1024,glibc_t1,45,3,P5|P6|P7,P7,1749.6,P7,1749.6,1.0000,P6,1.0701,P7>P6>P5,1.0000,0,0.9378,0.9259,P6,P7,0.00,0.00,1978.2,1872.3,1749.6
chain3_i32,1024,glibc_t2,45,3,P5|P6|P7,P7,1796.0,P7,1796.0,1.0000,P6,1.0669,P7>P6>P5,1.0000,0,0.9298,0.9237,P6,P7,0.00,0.00,2071.8,1916.1,1796.0
chain3_i32,1024,arena_cold,45,3,P5|P6|P7,P7,1822.9,P7,1822.9,1.0000,P6,1.0649,P7>P6>P5,1.0038,0,0.9435,0.9248,P6,P7,1.02,1.02,1974.0,1941.3,1822.9
chain3_i32,1024,arena_warm,45,3,P5|P6|P7,P7,595.9,P7,595.9,1.0000,P6,1.1840,P7>P6>P5,1.0185,0,0.8421,0.8155,P6,P7,0.00,0.00,836.8,705.5,595.9
chain3_i32,1024,glibc_default_fresh,45,3,P5|P6|P7,P7,1772.5,P7,1772.5,1.0000,P6,1.0609,P7>P6>P5,1.0067,0,0.9395,0.9241,P6,P7,0.00,0.00,2016.3,1880.5,1772.5
chain3_i32,4096,glibc_default,45,3,P5|P6|P7,P7,1857.0,P7,1857.0,1.0000,P6,1.0937,P7>P6>P5,1.0000,0,0.9206,0.9144,P6,P7,0.00,0.00,2311.0,2031.0,1857.0
chain3_i32,4096,glibc_t1,45,3,P5|P6|P7,P7,1796.0,P7,1796.0,1.0000,P6,1.0729,P7>P6>P5,1.0028,0,0.9328,0.9221,P6,P7,0.00,0.00,2195.0,1927.0,1796.0
chain3_i32,4096,glibc_t2,45,3,P5|P6|P7,P7,1793.0,P7,1793.0,1.0000,P6,1.0786,P7>P6>P5,1.0022,0,0.9268,0.9211,P6,P7,0.00,0.00,2222.0,1934.0,1793.0
chain3_i32,4096,arena_cold,45,3,P5|P6|P7,P7,7407.0,P7,7407.0,1.0000,P6,1.0186,P7>P6>P5,1.0064,0,0.9798,0.9722,P6,,5.00,5.00,17526.0,7545.0,7407.0
chain3_i32,4096,arena_warm,45,3,P5|P6|P7,P7,1748.0,P7,1748.0,1.0000,P6,1.0789,P7>P6>P5,1.0122,0,0.9252,0.9144,P6,P7,0.00,0.00,2065.0,1886.0,1748.0
chain3_i32,4096,glibc_default_fresh,45,3,P5|P6|P7,P7,1785.0,P7,1785.0,1.0000,P6,1.0700,P7>P6>P5,1.0073,0,0.9246,0.9049,P6,P7,0.00,0.00,2211.0,1910.0,1785.0
chain3_i32,16384,glibc_default,45,3,P5|P6|P7,P7,6186.0,P7,6186.0,1.0000,P5,1.1825,P7>P5>P6,1.0000,0,0.8813,0.8279,P6,P7,0.00,0.00,7315.0,7761.0,6186.0
chain3_i32,16384,glibc_t1,45,3,P5|P6|P7,P7,5924.0,P7,5924.0,1.0000,P6,1.1332,P7>P6>P5,1.0024,0,0.8825,0.8805,P6,P7,0.00,0.00,8314.0,6713.0,5924.0
chain3_i32,16384,glibc_t2,45,3,P5|P6|P7,P7,5910.0,P7,5910.0,1.0000,P6,1.1342,P7>P6>P5,1.0014,0,0.8804,0.8784,P6,P7,0.00,0.00,6962.0,6703.0,5910.0
chain3_i32,16384,arena_cold,45,3,P5|P6|P7,P6,24982.0,P7,25330.0,1.0139,P7,1.0139,P6>P7>P5,1.0029,0,0.9690,0.8836,P6,,17.00,17.00,56118.0,24982.0,25330.0
chain3_i32,16384,arena_warm,45,3,P5|P6|P7,P7,5918.0,P7,5918.0,1.0000,P6,1.1217,P7>P6>P5,1.0008,0,0.8903,0.8846,P6,P7,0.00,0.00,6827.0,6638.0,5918.0
chain3_i32,16384,glibc_default_fresh,45,3,P5|P6|P7,P7,5960.0,P7,5960.0,1.0000,P6,1.1178,P7>P6>P5,1.0000,0,0.8937,0.8915,P6,P7,0.00,0.00,7147.0,6662.0,5960.0
chain3_i32,65536,glibc_default,45,3,P5|P6|P7,P7,23756.0,P7,23756.0,1.0000,P6,1.1720,P7>P6>P5,1.0000,0,0.8720,0.8490,P6,P7,0.00,0.00,38108.0,27842.0,23756.0
chain3_i32,65536,glibc_t1,45,3,P5|P6|P7,P7,23068.0,P7,23068.0,1.0000,P6,1.1647,P7>P6>P5,1.0000,0,0.8603,0.8541,P6,P7,0.00,0.00,37939.0,26867.0,23068.0
chain3_i32,65536,glibc_t2,45,3,P5|P6|P7,P7,89501.0,P7,89501.0,1.0000,P6,1.0314,P7>P6>P5,1.0167,0,0.9561,0.9373,P6,,65.00,65.00,257583.0,92308.0,89501.0
chain3_i32,65536,arena_cold,45,3,P5|P6|P7,P7,93526.0,P7,93526.0,1.0000,P6,1.0483,P7>P6>P5,1.0477,0,0.9474,0.9152,P6,,65.00,65.00,242736.0,98042.0,93526.0
chain3_i32,65536,arena_warm,45,3,P5|P6|P7,P7,23201.0,P7,23201.0,1.0000,P6,1.1513,P7>P6>P5,1.0000,0,0.8749,0.8369,P6,P7,0.00,0.00,38923.0,26712.0,23201.0
chain3_i32,65536,glibc_default_fresh,45,3,P5|P6|P7,P7,26452.0,P7,26452.0,1.0000,P6,1.1038,P7>P6>P5,1.1260,0,0.8499,0.8226,P6,P7,0.00,0.00,214305.0,29198.0,26452.0
chain3_i32,262144,glibc_default,45,3,P5|P6|P7,P7,232819.0,P7,232819.0,1.0000,P6,1.1052,P7>P6>P5,1.0000,0,0.9252,0.8929,P6,P7,0.00,0.00,371545.0,257301.0,232819.0
chain3_i32,262144,glibc_t1,45,3,P5|P6|P7,P7,230072.0,P7,230072.0,1.0000,P6,1.1354,P7>P6>P5,1.0175,0,0.9115,0.8648,P6,P7,0.00,0.00,361462.0,261233.0,230072.0
chain3_i32,262144,glibc_t2,45,3,P5|P6|P7,P7,459560.0,P7,459560.0,1.0000,P6,1.0612,P7>P6>P5,1.0003,0,0.9669,0.9474,P6,,257.00,257.00,1105285.0,487685.0,459560.0
chain3_i32,262144,arena_cold,45,3,P5|P6|P7,P7,474006.0,P7,474006.0,1.0000,P6,1.0857,P7>P6>P5,1.0051,0,0.9029,0.8693,P6,P7,257.00,257.00,1092439.0,514626.0,474006.0
chain3_i32,262144,arena_warm,45,3,P5|P6|P7,P7,237554.0,P7,237554.0,1.0000,P6,1.0593,P7>P6>P5,1.0000,0,0.9478,0.9199,P6,,0.00,0.00,370320.0,251647.0,237554.0
chain3_i32,262144,glibc_default_fresh,45,3,P5|P6|P7,P7,234490.0,P7,234490.0,1.0000,P6,1.0448,P7>P6>P5,1.0174,0,0.9562,0.9353,P6,P7,0.00,0.00,1043839.0,244993.0,234490.0
chain3_i32,1048576,glibc_default,45,3,P5|P6|P7,P7,1041325.0,P7,1041325.0,1.0000,P6,1.1611,P7>P6>P5,1.0000,0,0.8658,0.8510,P6,P7,0.00,0.00,1596612.0,1209082.0,1041325.0
chain3_i32,1048576,glibc_t1,45,3,P5|P6|P7,P7,1015317.0,P7,1015317.0,1.0000,P6,1.1938,P7>P6>P5,1.0000,0,0.8361,0.8336,P6,P7,0.00,0.00,1559492.0,1212071.0,1015317.0
chain3_i32,1048576,glibc_t2,45,3,P5|P6|P7,P7,1919175.0,P7,1919175.0,1.0000,P6,1.1146,P7>P6>P5,1.0000,0,0.9087,0.9010,P6,P7,1025.00,1025.00,4968443.0,2139206.0,1919175.0
chain3_i32,1048576,arena_cold,45,3,P5|P6|P7,P7,1994887.0,P7,1994887.0,1.0000,P6,1.0890,P7>P6>P5,1.0164,0,0.9023,0.8854,P6,P7,1025.00,1025.00,5067615.0,2172410.0,1994887.0
chain3_i32,1048576,arena_warm,45,3,P5|P6|P7,P7,1017263.0,P7,1017263.0,1.0000,P6,1.1857,P7>P6>P5,1.0000,0,0.8472,0.8314,P6,P7,0.00,0.00,1579814.0,1206171.0,1017263.0
chain3_i32,1048576,glibc_default_fresh,45,3,P5|P6|P7,P7,1008461.0,P7,1008461.0,1.0000,P6,1.1511,P7>P6>P5,1.0179,0,0.8674,0.8530,P6,P7,0.00,0.00,4695812.0,1160804.0,1008461.0
chain3_i32,4194304,glibc_default,45,3,P5|P6|P7,P7,6498298.0,P7,6498298.0,1.0000,P6,1.1359,P7>P6>P5,1.0288,0,0.8461,0.8309,P6,P7,0.00,0.00,10038767.0,7381252.0,6498298.0
chain3_i32,4194304,glibc_t1,45,3,P5|P6|P7,P7,4801487.0,P7,4801487.0,1.0000,P6,1.2354,P7>P6>P5,1.0094,0,0.8266,0.8165,P6,P7,0.00,0.00,8917680.0,5931737.0,4801487.0
chain3_i32,4194304,glibc_t2,45,3,P5|P6|P7,P7,11320644.0,P7,11320644.0,1.0000,P6,1.1165,P7>P6>P5,1.0000,0,0.9028,0.8849,P6,P7,4097.00,4097.00,30218429.0,12639999.0,11320644.0
chain3_i32,4194304,arena_cold,45,3,P5|P6|P7,P7,11794583.0,P7,11794583.0,1.0000,P6,1.2660,P7>P6>P5,1.0358,0,0.8476,0.7758,P6,P7,4097.00,4097.00,29436598.0,14932226.0,11794583.0
chain3_i32,4194304,arena_warm,45,3,P5|P6|P7,P7,5961347.0,P7,5961347.0,1.0000,P6,1.1792,P7>P6>P5,1.0334,0,0.8515,0.8413,P6,P7,0.00,0.00,9788113.0,7029830.0,5961347.0
chain3_i32,4194304,glibc_default_fresh,45,3,P5|P6|P7,P7,6866148.0,P7,6866148.0,1.0000,P6,1.1635,P7>P6>P5,1.0428,0,0.8443,0.8338,P6,P7,0.00,0.00,29716761.0,7988495.0,6866148.0
chain3_i32,16777216,glibc_default,45,3,P5|P6|P7,P7,54426676.0,P7,54426676.0,1.0000,P6,1.1190,P7>P6>P5,1.0000,0,0.8838,0.8747,P6,P7,16385.00,16385.00,117596192.0,60903922.0,54426676.0
chain3_i32,16777216,glibc_t1,45,3,P5|P6|P7,P7,56545967.0,P7,56545967.0,1.0000,P6,1.1088,P7>P6>P5,1.0173,0,0.8858,0.8746,P6,P7,16385.00,16385.00,121006280.0,62699369.0,56545967.0
chain3_i32,16777216,glibc_t2,45,3,P5|P6|P7,P7,53854839.0,P7,53854839.0,1.0000,P6,1.1293,P7>P6>P5,1.0110,0,0.8839,0.8795,P6,P7,16385.00,16385.00,117568627.0,60817356.0,53854839.0
chain3_i32,16777216,arena_cold,45,3,P5|P6|P7,P7,54795400.0,P7,54795400.0,1.0000,P6,1.1233,P7>P6>P5,1.0076,0,0.8818,0.8794,P6,P7,16385.00,16385.00,114117748.0,61550422.0,54795400.0
chain3_i32,16777216,arena_warm,45,3,P5|P6|P7,P7,33827753.0,P7,33827753.0,1.0000,P6,1.1994,P7>P6>P5,1.0000,0,0.8115,0.8032,P6,P7,0.00,0.00,49536156.0,40574084.0,33827753.0
chain3_i32,16777216,glibc_default_fresh,45,3,P5|P6|P7,P7,53784336.0,P7,53784336.0,1.0000,P6,1.1307,P7>P6>P5,1.0000,0,0.8869,0.8765,P6,P7,16385.00,16385.00,118542114.0,60815158.0,53784336.0
chain4,64,glibc_default,45,3,P5|P6|P7,P7,1541.7,P7,1541.7,1.0000,P6,1.0156,P7>P6>P5,1.0000,0,0.9817,0.9759,P6,,0.00,0.00,1637.5,1565.7,1541.7
chain4,64,glibc_t1,45,3,P5|P6|P7,P7,1520.9,P7,1520.9,1.0000,P6,1.0069,P7>P6>P5,1.0047,0,0.9915,0.9836,P6,,0.00,0.00,1625.3,1531.4,1520.9
chain4,64,glibc_t2,45,3,P5|P6|P7,P7,1539.7,P7,1539.7,1.0000,P6,1.0048,P7>P6>P5,1.0007,0,0.9895,0.9823,P6,,0.00,0.00,1630.5,1547.1,1539.7
chain4,64,arena_cold,45,3,P5|P6|P7,P7,498.4,P7,498.4,1.0000,P6,1.0311,P7>P6>P5,1.0000,0,0.9818,0.9689,P6,,0.08,0.08,557.9,513.9,498.4
chain4,64,arena_warm,45,3,P5|P6|P7,P7,414.4,P7,414.4,1.0000,P6,1.0167,P7>P6>P5,1.0041,0,0.9972,0.9779,P6,,0.00,0.00,473.6,421.3,414.4
chain4,64,glibc_default_fresh,45,3,P5|P6|P7,P7,1532.5,P7,1532.5,1.0000,P6,1.0230,P7>P6>P5,1.0000,0,0.9883,0.9779,P6,,0.00,0.00,1638.2,1567.8,1532.5
chain4,1024,glibc_default,45,3,P5|P6|P7,P7,2006.2,P7,2006.2,1.0000,P6,1.0373,P7>P6>P5,1.0141,0,0.9447,0.9343,P6,P7,0.00,0.00,2272.3,2081.0,2006.2
chain4,1024,glibc_t1,45,3,P5|P6|P7,P7,1943.9,P7,1943.9,1.0000,P6,1.0555,P7>P6>P5,1.0035,0,0.9496,0.9404,P6,P7,0.00,0.00,2253.1,2051.8,1943.9
chain4,1024,glibc_t2,45,3,P5|P6|P7,P7,1976.1,P7,1976.1,1.0000,P6,1.0586,P7>P6>P5,1.0000,0,0.9469,0.9360,P6,P7,0.00,0.00,2282.9,2091.9,1976.1
chain4,1024,arena_cold,45,3,P5|P6|P7,P7,2066.8,P7,2066.8,1.0000,P6,1.0369,P7>P6>P5,1.0000,0,0.9586,0.9432,P6,P7,1.02,1.02,2290.6,2143.0,2066.8
chain4,1024,arena_warm,45,3,P5|P6|P7,P7,763.6,P7,763.6,1.0000,P6,1.1358,P7>P6>P5,1.0000,0,0.8771,0.8638,P6,P7,0.00,0.00,920.9,867.3,763.6
chain4,1024,glibc_default_fresh,45,3,P5|P6|P7,P7,1941.7,P7,1941.7,1.0000,P6,1.0622,P7>P6>P5,1.0000,0,0.9371,0.9249,P6,P7,0.00,0.00,2299.3,2062.5,1941.7
chain4,4096,glibc_default,45,3,P5|P6|P7,P7,2325.0,P7,2325.0,1.0000,P6,1.0456,P7>P6>P5,1.0000,0,0.9604,0.9547,P6,P7,0.00,0.00,2981.0,2431.0,2325.0
chain4,4096,glibc_t1,45,3,P5|P6|P7,P7,2322.0,P7,2322.0,1.0000,P6,1.0521,P7>P6>P5,1.0065,0,0.9654,0.9563,P6,,0.00,0.00,2819.0,2443.0,2322.0
chain4,4096,glibc_t2,45,3,P5|P6|P7,P7,2304.0,P7,2304.0,1.0000,P6,1.0703,P7>P6>P5,1.0074,0,0.9340,0.9284,P6,P7,0.00,0.00,2799.0,2466.0,2304.0
chain4,4096,arena_cold,45,3,P5|P6|P7,P7,8082.0,P7,8082.0,1.0000,P6,1.0017,P7>P6>P5,1.0139,0,0.9961,0.9740,P6,,5.00,5.00,22070.0,8096.0,8082.0
chain4,4096,arena_warm,45,3,P5|P6|P7,P7,2233.0,P7,2233.0,1.0000,P6,1.0640,P7>P6>P5,1.0063,0,0.9395,0.9268,P6,P7,0.00,0.00,2590.0,2376.0,2233.0
chain4,4096,glibc_default_fresh,45,3,P5|P6|P7,P7,2319.0,P7,2319.0,1.0000,P6,1.0552,P7>P6>P5,1.0000,0,0.9415,0.9358,P6,P7,0.00,0.00,2916.0,2447.0,2319.0
chain4,16384,glibc_default,45,3,P5|P6|P7,P7,8049.0,P7,8049.0,1.0000,P6,1.0932,P7>P6>P5,1.0027,0,0.9148,0.9113,P6,P7,0.00,0.00,9273.0,8799.0,8049.0
chain4,16384,glibc_t1,45,3,P5|P6|P7,P7,7980.0,P7,7980.0,1.0000,P6,1.0892,P7>P6>P5,1.0004,0,0.9198,0.9173,P6,P7,0.00,0.00,9234.0,8692.0,7980.0
chain4,16384,glibc_t2,45,3,P5|P6|P7,P7,8022.0,P7,8022.0,1.0000,P6,1.0929,P7>P6>P5,1.0009,0,0.9174,0.9147,P6,P7,0.00,0.00,9220.0,8767.0,8022.0
chain4,16384,arena_cold,45,3,P5|P6|P7,P6,27048.0,P7,27312.0,1.0098,P7,1.0098,P6>P7>P5,1.0092,0,1.0255,0.9064,P6,,17.00,17.00,74883.0,27048.0,27312.0
chain4,16384,arena_warm,45,3,P5|P6|P7,P7,7958.0,P7,7958.0,1.0000,P6,1.0906,P7>P6>P5,1.0013,0,0.9181,0.9151,P6,P7,0.00,0.00,9050.0,8679.0,7958.0
chain4,16384,glibc_default_fresh,45,3,P5|P6|P7,P7,8044.0,P7,8044.0,1.0000,P6,1.0829,P7>P6>P5,1.0047,0,0.9218,0.9188,P6,P7,0.00,0.00,9238.0,8711.0,8044.0
chain4,65536,glibc_default,45,3,P5|P6|P7,P7,34724.0,P7,34724.0,1.0000,P6,1.1259,P7>P6>P5,1.0000,0,0.8873,0.8617,P6,P7,0.00,0.00,73418.0,39096.0,34724.0
chain4,65536,glibc_t1,45,3,P5|P6|P7,P7,33434.0,P7,33434.0,1.0000,P6,1.1465,P7>P6>P5,1.0117,0,0.8684,0.8627,P6,P7,0.00,0.00,66354.0,38332.0,33434.0
chain4,65536,glibc_t2,45,3,P5|P6|P7,P7,97731.0,P7,97731.0,1.0000,P6,1.0817,P7>P6>P5,1.0000,0,0.9384,0.8960,P6,,65.00,65.00,363548.0,105711.0,97731.0
chain4,65536,arena_cold,45,3,P5|P6|P7,P7,106981.0,P7,106981.0,1.0000,P6,1.0773,P7>P6>P5,1.0582,0,0.9022,0.8781,P6,,65.00,65.00,340853.0,115254.0,106981.0
chain4,65536,arena_warm,45,3,P5|P6|P7,P7,31848.0,P7,31848.0,1.0000,P6,1.1450,P7>P6>P5,1.0085,0,0.8768,0.8643,P6,P7,0.00,0.00,68440.0,36466.0,31848.0
chain4,65536,glibc_default_fresh,45,3,P5|P6|P7,P7,33596.0,P7,33596.0,1.0000,P6,1.1696,P7>P6>P5,1.0000,0,0.8750,0.8555,P6,P7,0.00,0.00,298780.0,39294.0,33596.0
chain4,262144,glibc_default,45,3,P5|P6|P7,P7,307590.0,P7,307590.0,1.0000,P6,1.0500,P7>P6>P5,1.0000,0,0.9557,0.9344,P6,,0.00,0.00,492617.0,322955.0,307590.0
chain4,262144,glibc_t1,45,3,P5|P6|P7,P7,320936.0,P7,320936.0,1.0000,P6,1.0327,P7>P6>P5,1.0026,0,0.9509,0.9182,P6,,0.00,0.00,513002.0,331416.0,320936.0
chain4,262144,glibc_t2,45,3,P5|P6|P7,P7,520370.0,P7,520370.0,1.0000,P6,1.0349,P7>P6>P5,1.0000,0,0.9639,0.9497,P6,,257.00,257.00,1465166.0,538536.0,520370.0
chain4,262144,arena_cold,45,3,P5|P6|P7,P7,539130.0,P7,539130.0,1.0000,P6,1.0596,P7>P6>P5,1.0092,0,0.9537,0.9253,P6,P7,257.00,257.00,1471241.0,571283.0,539130.0
chain4,262144,arena_warm,45,3,P5|P6|P7,P7,308914.0,P7,308914.0,1.0000,P6,1.0530,P7>P6>P5,1.0123,0,0.9426,0.9255,P6,,0.00,0.00,491102.0,325301.0,308914.0
chain4,262144,glibc_default_fresh,45,3,P5|P6|P7,P7,298548.0,P7,298548.0,1.0000,P6,1.0836,P7>P6>P5,1.0032,0,0.9443,0.9226,P6,P7,0.00,0.00,1450561.0,323517.0,298548.0
chain4,1048576,glibc_default,45,3,P5|P6|P7,P7,1386056.0,P7,1386056.0,1.0000,P6,1.1222,P7>P6>P5,1.0071,0,0.8790,0.8716,P6,P7,0.00,0.00,2245553.0,1555444.0,1386056.0
chain4,1048576,glibc_t1,45,3,P5|P6|P7,P7,1335651.0,P7,1335651.0,1.0000,P6,1.1423,P7>P6>P5,1.0000,0,0.8823,0.8730,P6,P7,0.00,0.00,2130228.0,1525714.0,1335651.0
chain4,1048576,glibc_t2,45,3,P5|P6|P7,P7,2227520.0,P7,2227520.0,1.0000,P6,1.0824,P7>P6>P5,1.0098,0,0.9194,0.9050,P6,P7,1025.00,1025.00,6680667.0,2411140.0,2227520.0
chain4,1048576,arena_cold,45,3,P5|P6|P7,P7,2321945.0,P7,2321945.0,1.0000,P6,1.1335,P7>P6>P5,1.0208,0,0.8971,0.8792,P6,P7,1025.00,1025.00,7074389.0,2631975.0,2321945.0
chain4,1048576,arena_warm,45,3,P5|P6|P7,P7,1334699.0,P7,1334699.0,1.0000,P6,1.1277,P7>P6>P5,1.0000,0,0.8839,0.8778,P6,P7,0.00,0.00,2205525.0,1505190.0,1334699.0
chain4,1048576,glibc_default_fresh,45,3,P5|P6|P7,P7,1348781.0,P7,1348781.0,1.0000,P6,1.1804,P7>P6>P5,1.0131,0,0.8495,0.8387,P6,P7,0.00,0.00,7351700.0,1592040.0,1348781.0
chain4,4194304,glibc_default,45,3,P5|P6|P7,P7,10253032.0,P7,10253032.0,1.0000,P6,1.1227,P7>P6>P5,1.0253,0,0.8795,0.8649,P6,P7,0.00,0.00,14977989.0,11510865.0,10253032.0
chain4,4194304,glibc_t1,45,3,P5|P6|P7,P7,9321499.0,P7,9321499.0,1.0000,P6,1.1102,P7>P6>P5,1.0262,0,0.8983,0.8812,P6,P7,0.00,0.00,13164577.0,10349028.0,9321499.0
chain4,4194304,glibc_t2,45,3,P5|P6|P7,P7,14045342.0,P7,14045342.0,1.0000,P6,1.0599,P7>P6>P5,1.0246,0,0.9391,0.9257,P6,P7,4097.00,4097.00,40989209.0,14886264.0,14045342.0
chain4,4194304,arena_cold,45,3,P5|P6|P7,P7,14586223.0,P7,14586223.0,1.0000,P6,1.1787,P7>P6>P5,1.0080,0,0.8853,0.8064,P6,P7,4097.00,4097.00,39311550.0,17192232.0,14586223.0
chain4,4194304,arena_warm,45,3,P5|P6|P7,P7,9660815.0,P7,9660815.0,1.0000,P6,1.1016,P7>P6>P5,1.0243,0,0.8958,0.8811,P6,P7,0.00,0.00,14315419.0,10642049.0,9660815.0
chain4,4194304,glibc_default_fresh,45,3,P5|P6|P7,P7,9848775.0,P7,9848775.0,1.0000,P6,1.0834,P7>P6>P5,1.0379,0,0.8866,0.8757,P6,P7,0.00,0.00,39855397.0,10670377.0,9848775.0
chain4,16777216,glibc_default,45,3,P5|P6|P7,P7,66797776.0,P7,66797776.0,1.0000,P6,1.1167,P7>P6>P5,1.0000,0,0.9067,0.8924,P6,P7,16385.00,16385.00,161605286.0,74590309.0,66797776.0
chain4,16777216,glibc_t1,45,3,P5|P6|P7,P7,67127530.0,P7,67127530.0,1.0000,P6,1.1012,P7>P6>P5,1.0026,0,0.9077,0.8926,P6,P7,16385.00,16385.00,160423409.0,73923905.0,67127530.0
chain4,16777216,glibc_t2,45,3,P5|P6|P7,P7,65527267.0,P7,65527267.0,1.0000,P6,1.1117,P7>P6>P5,1.0000,0,0.9044,0.8986,P6,P7,16385.00,16385.00,157866489.0,72846428.0,65527267.0
chain4,16777216,arena_cold,45,3,P5|P6|P7,P7,68123178.0,P7,68123178.0,1.0000,P6,1.1045,P7>P6>P5,1.0102,0,0.9011,0.8927,P6,P7,16385.00,16385.00,153533246.0,75243799.0,68123178.0
chain4,16777216,arena_warm,45,3,P5|P6|P7,P7,45175256.0,P7,45175256.0,1.0000,P6,1.1724,P7>P6>P5,1.0000,0,0.8580,0.8471,P6,P7,0.00,0.00,66956021.0,52964131.0,45175256.0
chain4,16777216,glibc_default_fresh,45,3,P5|P6|P7,P7,65387455.0,P7,65387455.0,1.0000,P6,1.1004,P7>P6>P5,1.0000,0,0.9077,0.8937,P6,P7,16385.00,16385.00,158307627.0,71955237.0,65387455.0
final_left,64,glibc_default,45,3,P5|P6|P7,P7,1368.7,P7,1368.7,1.0000,P6,1.0236,P7>P6>P5,1.0000,0,0.9837,0.9796,P6,,0.00,0.00,1409.5,1401.0,1368.7
final_left,64,glibc_t1,45,3,P5|P6|P7,P7,1377.8,P7,1377.8,1.0000,P6,1.0260,P7>P6>P5,1.0000,0,0.9782,0.9728,P6,,0.00,0.00,1423.9,1413.6,1377.8
final_left,64,glibc_t2,45,3,P5|P6|P7,P7,1390.5,P7,1390.5,1.0000,P6,1.0174,P7>P6>P5,1.0033,0,0.9864,0.9810,P6,,0.00,0.00,1448.1,1414.6,1390.5
final_left,64,arena_cold,45,3,P5|P6|P7,P7,341.7,P7,341.7,1.0000,P6,1.0574,P7>P6>P5,1.0000,0,0.9351,0.9244,P6,P7,0.08,0.08,378.0,361.3,341.7
final_left,64,arena_warm,45,3,P5|P6|P7,P7,245.7,P7,245.7,1.0000,P6,1.0719,P7>P6>P5,1.0000,0,0.9268,0.9201,P6,P7,0.00,0.00,281.6,263.4,245.7
final_left,64,glibc_default_fresh,45,3,P5|P6|P7,P7,1380.0,P7,1380.0,1.0000,P6,1.0048,P7>P6>P5,1.0082,0,0.9938,0.9842,P6,,0.00,0.00,1411.4,1386.7,1380.0
final_left,1024,glibc_default,45,3,P5|P6|P7,P7,1565.1,P7,1565.1,1.0000,P6,1.0775,P7>P6>P5,1.0005,0,0.9268,0.9137,P6,P7,0.00,0.00,1719.5,1686.4,1565.1
final_left,1024,glibc_t1,45,3,P5|P6|P7,P7,1590.9,P7,1590.9,1.0000,P6,1.0655,P7>P6>P5,1.0042,0,0.9354,0.9207,P6,P7,0.00,0.00,1704.2,1695.1,1590.9
final_left,1024,glibc_t2,45,3,P5|P6|P7,P7,1577.5,P7,1577.5,1.0000,P6,1.0839,P7>P6>P5,1.0000,0,0.9278,0.9129,P6,P7,0.00,0.00,1757.1,1709.9,1577.5
final_left,1024,arena_cold,45,3,P5|P6|P7,P7,1596.3,P7,1596.3,1.0000,P5,1.0691,P7>P5>P6,1.0000,0,0.9371,0.9267,P5,P7,1.02,1.02,1706.7,1707.4,1596.3
final_left,1024,arena_warm,45,3,P5|P6|P7,P7,400.5,P7,400.5,1.0000,P6,1.2594,P7>P6>P5,1.0000,0,0.7926,0.7807,P6,P7,0.00,0.00,514.4,504.4,400.5
final_left,1024,glibc_default_fresh,45,3,P5|P6|P7,P7,1590.7,P7,1590.7,1.0000,P6,1.0648,P7>P6>P5,1.0036,0,0.9319,0.9210,P6,P7,0.00,0.00,1739.2,1693.9,1590.7
final_left,4096,glibc_default,45,3,P5|P6|P7,P7,1215.0,P7,1215.0,1.0000,P6,1.1202,P7>P6>P5,1.0075,0,0.8934,0.8873,P6,P7,0.00,0.00,1544.0,1361.0,1215.0
final_left,4096,glibc_t1,45,3,P5|P6|P7,P7,1216.0,P7,1216.0,1.0000,P6,1.1176,P7>P6>P5,1.0008,0,0.8870,0.8720,P6,P7,0.00,0.00,1510.0,1359.0,1216.0
final_left,4096,glibc_t2,45,3,P5|P6|P7,P7,1213.0,P7,1213.0,1.0000,P6,1.1096,P7>P6>P5,1.0075,0,0.9050,0.8938,P6,P7,0.00,0.00,1485.0,1346.0,1213.0
final_left,4096,arena_cold,45,3,P5|P6|P7,P7,6921.0,P7,6921.0,1.0000,P6,1.0247,P7>P6>P5,1.0136,0,0.9770,0.9697,P6,,5.00,5.00,10975.0,7092.0,6921.0
final_left,4096,arena_warm,45,3,P5|P6|P7,P7,1189.0,P7,1189.0,1.0000,P6,1.1194,P7>P6>P5,1.0171,0,0.8898,0.8767,P6,P7,0.00,0.00,1482.0,1331.0,1189.0
final_left,4096,glibc_default_fresh,45,3,P5|P6|P7,P7,1308.0,P7,1308.0,1.0000,P6,1.1124,P7>P6>P5,1.0251,0,0.8758,0.8453,P6,P7,0.00,0.00,1879.0,1455.0,1308.0
final_left,16384,glibc_default,45,3,P5|P6|P7,P7,3907.0,P7,3907.0,1.0000,P6,1.1989,P7>P6>P5,1.0049,0,0.8352,0.8311,P6,P7,0.00,0.00,4754.0,4684.0,3907.0
final_left,16384,glibc_t1,45,3,P5|P6|P7,P7,3841.0,P7,3841.0,1.0000,P6,1.2002,P7>P6>P5,1.0029,0,0.8330,0.8268,P6,P7,0.00,0.00,4698.0,4610.0,3841.0
final_left,16384,glibc_t2,45,3,P5|P6|P7,P7,3865.0,P7,3865.0,1.0000,P6,1.2023,P7>P6>P5,1.0000,0,0.8356,0.8313,P6,P7,0.00,0.00,4787.0,4647.0,3865.0
final_left,16384,arena_cold,45,3,P5|P6|P7,P7,22880.0,P7,22880.0,1.0000,P6,1.0273,P7>P6>P5,1.0216,0,0.9759,0.8521,P6,,17.00,17.00,38427.0,23505.0,22880.0
final_left,16384,arena_warm,45,3,P5|P6|P7,P7,3813.0,P7,3813.0,1.0000,P6,1.1985,P7>P6>P5,1.0013,0,0.8354,0.8330,P6,P7,0.00,0.00,4636.0,4570.0,3813.0
final_left,16384,glibc_default_fresh,45,3,P5|P6|P7,P7,3858.0,P7,3858.0,1.0000,P6,1.2019,P7>P6>P5,1.0013,0,0.8365,0.8224,P6,P7,0.00,0.00,4723.0,4637.0,3858.0
final_left,65536,glibc_default,45,3,P5|P6|P7,P7,15328.0,P7,15328.0,1.0000,P6,1.1775,P7>P6>P5,1.0000,0,0.8503,0.8469,P6,P7,0.00,0.00,18678.0,18048.0,15328.0
final_left,65536,glibc_t1,45,3,P5|P6|P7,P7,14871.0,P7,14871.0,1.0000,P6,1.2020,P7>P6>P5,1.0047,0,0.8389,0.8369,P6,P7,0.00,0.00,19350.0,17875.0,14871.0
final_left,65536,glibc_t2,45,3,P5|P6|P7,P7,78879.0,P7,78879.0,1.0000,P6,1.0660,P7>P6>P5,1.0075,0,0.9463,0.9246,P6,P7,65.00,65.00,158908.0,84088.0,78879.0
final_left,65536,arena_cold,45,3,P5|P6|P7,P7,78972.0,P7,78972.0,1.0000,P6,1.0751,P7>P6>P5,1.0067,0,0.9397,0.9087,P6,P7,65.00,65.00,146311.0,84900.0,78972.0
final_left,65536,arena_warm,45,3,P5|P6|P7,P7,14506.0,P7,14506.0,1.0000,P6,1.1998,P7>P6>P5,1.0128,0,0.8443,0.8195,P6,P7,0.00,0.00,19062.0,17404.0,14506.0
final_left,65536,glibc_default_fresh,45,3,P5|P6|P7,P7,14386.0,P7,14386.0,1.0000,P6,1.2018,P7>P6>P5,1.0033,0,0.8354,0.8273,P6,P7,0.00,0.00,118124.0,17289.0,14386.0
final_left,262144,glibc_default,45,3,P5|P6|P7,P7,165445.0,P7,165445.0,1.0000,P6,1.1409,P7>P6>P5,1.0306,0,0.8527,0.8404,P6,P7,0.00,0.00,251224.0,188756.0,165445.0
final_left,262144,glibc_t1,45,3,P5|P6|P7,P7,163983.0,P7,163983.0,1.0000,P6,1.1432,P7>P6>P5,1.0021,0,0.8632,0.8442,P6,P7,0.00,0.00,243205.0,187467.0,163983.0
final_left,262144,glibc_t2,45,3,P5|P6|P7,P7,377255.0,P7,377255.0,1.0000,P6,1.0833,P7>P6>P5,1.0004,0,0.9041,0.8729,P6,P7,257.00,257.00,722220.0,408662.0,377255.0
final_left,262144,arena_cold,45,3,P5|P6|P7,P7,374452.0,P7,374452.0,1.0000,P6,1.1190,P7>P6>P5,1.0039,0,0.8859,0.8623,P6,P7,257.00,257.00,689503.0,419023.0,374452.0
final_left,262144,arena_warm,45,3,P5|P6|P7,P7,154869.0,P7,154869.0,1.0000,P6,1.1675,P7>P6>P5,1.0000,0,0.8528,0.8242,P6,P7,0.00,0.00,235541.0,180815.0,154869.0
final_left,262144,glibc_default_fresh,45,3,P5|P6|P7,P7,157433.0,P7,157433.0,1.0000,P6,1.2501,P7>P6>P5,1.0000,0,0.8277,0.7848,P6,P7,0.00,0.00,717037.0,196801.0,157433.0
final_left,1048576,glibc_default,45,3,P5|P6|P7,P7,652277.0,P7,652277.0,1.0000,P6,1.2645,P7>P6>P5,1.0000,0,0.7994,0.7845,P6,P7,0.00,0.00,989730.0,824786.0,652277.0
final_left,1048576,glibc_t1,45,3,P5|P6|P7,P7,650225.0,P7,650225.0,1.0000,P6,1.2899,P7>P6>P5,1.0015,0,0.7775,0.7633,P6,P7,0.00,0.00,1049719.0,838757.0,650225.0
final_left,1048576,glibc_t2,45,3,P5|P6|P7,P7,1549235.0,P7,1549235.0,1.0000,P6,1.1311,P7>P6>P5,1.0000,0,0.8863,0.8678,P6,P7,1025.00,1025.00,3188774.0,1752320.0,1549235.0
final_left,1048576,arena_cold,45,3,P5|P6|P7,P7,1556913.0,P7,1556913.0,1.0000,P6,1.1524,P7>P6>P5,1.0000,0,0.8789,0.8655,P6,P7,1025.00,1025.00,3010137.0,1794178.0,1556913.0
final_left,1048576,arena_warm,45,3,P5|P6|P7,P7,655751.0,P7,655751.0,1.0000,P6,1.2460,P7>P6>P5,1.0214,0,0.7910,0.7735,P6,P7,0.00,0.00,1001316.0,817077.0,655751.0
final_left,1048576,glibc_default_fresh,45,3,P5|P6|P7,P7,647196.0,P7,647196.0,1.0000,P6,1.2656,P7>P6>P5,1.0000,0,0.7885,0.7664,P6,P7,0.00,0.00,3053628.0,819098.0,647196.0
final_left,4194304,glibc_default,45,3,P5|P6|P7,P7,3449850.0,P7,3449850.0,1.0000,P6,1.2289,P7>P6>P5,1.0274,0,0.8029,0.7765,P6,P7,0.00,0.00,5811358.0,4239681.0,3449850.0
final_left,4194304,glibc_t1,45,3,P5|P6|P7,P7,3466404.0,P7,3466404.0,1.0000,P6,1.2787,P7>P6>P5,1.0000,0,0.7711,0.7611,P6,P7,0.00,0.00,5933399.0,4432327.0,3466404.0
final_left,4194304,glibc_t2,45,3,P5|P6|P7,P7,8567511.0,P7,8567511.0,1.0000,P6,1.1185,P7>P6>P5,1.0000,0,0.8755,0.8675,P6,P7,4097.00,4097.00,18460165.0,9583100.0,8567511.0
final_left,4194304,arena_cold,45,3,P5|P6|P7,P7,9756445.0,P7,9756445.0,1.0000,P6,1.1644,P7>P6>P5,1.0326,0,0.8383,0.8136,P6,P7,4097.00,4097.00,18607421.0,11360763.0,9756445.0
final_left,4194304,arena_warm,45,3,P5|P6|P7,P7,3288243.0,P7,3288243.0,1.0000,P6,1.2704,P7>P6>P5,1.0351,0,0.7831,0.7678,P6,P7,0.00,0.00,5530424.0,4177389.0,3288243.0
final_left,4194304,glibc_default_fresh,45,3,P5|P6|P7,P7,4452325.0,P7,4452325.0,1.0000,P6,1.2785,P7>P6>P5,1.0412,0,0.7789,0.7702,P6,P7,0.00,0.00,19381960.0,5692147.0,4452325.0
final_left,16777216,glibc_default,45,3,P5|P6|P7,P7,42376037.0,P7,42376037.0,1.0000,P6,1.1601,P7>P6>P5,1.0038,0,0.8613,0.8516,P6,P7,16385.00,16385.00,76908141.0,49159171.0,42376037.0
final_left,16777216,glibc_t1,45,3,P5|P6|P7,P7,45045967.0,P7,45045967.0,1.0000,P6,1.1846,P7>P6>P5,1.0000,0,0.8443,0.8324,P6,P7,16385.00,16385.00,81516346.0,53361659.0,45045967.0
final_left,16777216,glibc_t2,45,3,P5|P6|P7,P7,42931574.0,P7,42931574.0,1.0000,P6,1.1639,P7>P6>P5,1.0033,0,0.8654,0.8533,P6,P7,16385.00,16385.00,77622863.0,49969323.0,42931574.0
final_left,16777216,arena_cold,45,3,P5|P6|P7,P7,43679856.0,P7,43679856.0,1.0000,P6,1.1544,P7>P6>P5,1.0103,0,0.8620,0.8533,P6,P7,16385.00,16385.00,77365486.0,50424826.0,43679856.0
final_left,16777216,arena_warm,45,3,P5|P6|P7,P7,21405383.0,P7,21405383.0,1.0000,P6,1.3675,P7>P6>P5,1.0000,0,0.7326,0.7251,P6,P7,0.00,0.00,33589968.0,29270918.0,21405383.0
final_left,16777216,glibc_default_fresh,45,3,P5|P6|P7,P7,43444964.0,P7,43444964.0,1.0000,P6,1.1533,P7>P6>P5,1.0000,0,0.8632,0.8511,P6,P7,16385.00,16385.00,78946872.0,50104014.0,43444964.0
final_left,67108864,glibc_default,45,3,P5|P6|P7,P7,174779019.0,P7,174779019.0,1.0000,P6,1.1703,P7>P6>P5,1.0016,0,0.8597,0.8486,P6,P7,65537.00,65537.00,325188576.0,204539517.0,174779019.0
final_left,67108864,glibc_t1,45,3,P5|P6|P7,P7,170695585.0,P7,170695585.0,1.0000,P6,1.1620,P7>P6>P5,1.0078,0,0.8652,0.8551,P6,P7,65537.00,65537.00,315257368.0,198351980.0,170695585.0
final_left,67108864,glibc_t2,45,3,P5|P6|P7,P7,170292643.0,P7,170292643.0,1.0000,P6,1.1567,P7>P6>P5,1.0105,0,0.8599,0.8509,P6,P7,65537.00,65537.00,309994978.0,196969545.0,170292643.0
final_left,67108864,arena_cold,45,3,P5|P6|P7,P7,176717520.0,P7,176717520.0,1.0000,P6,1.1550,P7>P6>P5,1.0053,0,0.8610,0.8542,P6,P7,65537.00,65537.00,312507130.0,204103404.0,176717520.0
final_left,67108864,arena_warm,45,3,P5|P6|P7,P7,83225539.0,P7,83225539.0,1.0000,P6,1.3693,P7>P6>P5,1.0150,0,0.7270,0.7212,P6,P7,0.00,0.00,131730479.0,113960728.0,83225539.0
final_left,67108864,glibc_default_fresh,45,3,P5|P6|P7,P7,168684355.0,P7,168684355.0,1.0000,P6,1.1611,P7>P6>P5,1.0089,0,0.8606,0.8517,P6,P7,65537.00,65537.00,303371466.0,195857241.0,168684355.0
final_left_i32,64,glibc_default,45,3,P5|P6|P7,P7,1385.4,P7,1385.4,1.0000,P6,1.0210,P7>P6>P5,1.0000,0,0.9848,0.9750,P6,,0.00,0.00,1431.7,1414.5,1385.4
final_left_i32,64,glibc_t1,45,3,P5|P6|P7,P7,1366.9,P7,1366.9,1.0000,P6,1.0203,P7>P6>P5,1.0000,0,0.9826,0.9748,P6,,0.00,0.00,1412.8,1394.5,1366.9
final_left_i32,64,glibc_t2,45,3,P5|P6|P7,P7,1389.3,P7,1389.3,1.0000,P6,1.0166,P7>P6>P5,1.0024,0,0.9859,0.9694,P6,,0.00,0.00,1438.6,1412.5,1389.3
final_left_i32,64,arena_cold,45,3,P5|P6|P7,P7,340.2,P7,340.2,1.0000,P5,1.0898,P7>P5>P6,1.0000,0,0.9227,0.9030,P6,P7,0.08,0.08,370.7,372.4,340.2
final_left_i32,64,arena_warm,45,3,P5|P6|P7,P7,248.9,P7,248.9,1.0000,P6,1.0761,P7>P6>P5,1.0000,0,0.9159,0.8963,P6,P7,0.00,0.00,283.1,267.8,248.9
final_left_i32,64,glibc_default_fresh,45,3,P5|P6|P7,P7,1382.5,P7,1382.5,1.0000,P6,1.0094,P7>P6>P5,1.0045,0,0.9818,0.9728,P6,,0.00,0.00,1429.4,1395.5,1382.5
final_left_i32,1024,glibc_default,45,3,P5|P6|P7,P7,1588.2,P7,1588.2,1.0000,P6,1.0783,P7>P6>P5,1.0051,0,0.9328,0.9220,P6,P7,0.00,0.00,1738.3,1712.6,1588.2
final_left_i32,1024,glibc_t1,45,3,P5|P6|P7,P7,1570.8,P7,1570.8,1.0000,P6,1.0818,P7>P6>P5,1.0000,0,0.9314,0.9146,P6,P7,0.00,0.00,1727.9,1699.4,1570.8
final_left_i32,1024,glibc_t2,45,3,P5|P6|P7,P7,1584.4,P7,1584.4,1.0000,P6,1.0793,P7>P6>P5,1.0037,0,0.9233,0.9216,P6,P7,0.00,0.00,1741.2,1710.1,1584.4
final_left_i32,1024,arena_cold,45,3,P5|P6|P7,P7,1595.8,P7,1595.8,1.0000,P6,1.0483,P7>P6>P5,1.0023,0,0.9514,0.9380,P6,P7,1.02,1.02,1696.1,1672.8,1595.8
final_left_i32,1024,arena_warm,45,3,P5|P6|P7,P7,402.6,P7,402.6,1.0000,P6,1.2556,P7>P6>P5,1.0000,0,0.7989,0.7784,P6,P7,0.00,0.00,528.3,505.5,402.6
final_left_i32,1024,glibc_default_fresh,45,3,P5|P6|P7,P7,1564.7,P7,1564.7,1.0000,P5,1.0999,P7>P5>P6,1.0000,0,0.9092,0.8952,P6,P7,0.00,0.00,1721.0,1721.1,1564.7
final_left_i32,4096,glibc_default,45,3,P5|P6|P7,P7,1218.0,P7,1218.0,1.0000,P6,1.1346,P7>P6>P5,1.0142,0,0.8761,0.8625,P6,P7,0.00,0.00,1508.0,1382.0,1218.0
final_left_i32,4096,glibc_t1,45,3,P5|P6|P7,P7,1208.0,P7,1208.0,1.0000,P6,1.1407,P7>P6>P5,1.0229,0,0.8775,0.8728,P6,P7,0.00,0.00,1596.0,1378.0,1208.0
final_left_i32,4096,glibc_t2,45,3,P5|P6|P7,P7,1212.0,P7,1212.0,1.0000,P6,1.1337,P7>P6>P5,1.0271,0,0.8777,0.8700,P6,P7,0.00,0.00,1575.0,1374.0,1212.0
final_left_i32,4096,arena_cold,45,3,P5|P6|P7,P7,6951.0,P7,6951.0,1.0000,P6,1.0147,P7>P6>P5,1.0147,0,0.9762,0.9630,P6,,5.00,5.00,10752.0,7053.0,6951.0
final_left_i32,4096,arena_warm,45,3,P5|P6|P7,P7,1190.0,P7,1190.0,1.0000,P6,1.1756,P7>P6>P5,1.0145,0,0.8494,0.8315,P6,P7,0.00,0.00,1477.0,1399.0,1190.0
final_left_i32,4096,glibc_default_fresh,45,3,P5|P6|P7,P7,1227.0,P7,1227.0,1.0000,P6,1.1614,P7>P6>P5,1.0124,0,0.8705,0.8561,P6,P7,0.00,0.00,1538.0,1425.0,1227.0
final_left_i32,16384,glibc_default,45,3,P5|P6|P7,P7,3793.0,P7,3793.0,1.0000,P6,1.2349,P7>P6>P5,1.0021,0,0.8072,0.8026,P6,P7,0.00,0.00,4750.0,4684.0,3793.0
final_left_i32,16384,glibc_t1,45,3,P5|P6|P7,P7,3785.0,P7,3785.0,1.0000,P6,1.2296,P7>P6>P5,1.0000,0,0.8131,0.8122,P6,P7,0.00,0.00,4716.0,4654.0,3785.0
final_left_i32,16384,glibc_t2,45,3,P5|P6|P7,P7,3801.0,P7,3801.0,1.0000,P6,1.2249,P7>P6>P5,1.0026,0,0.8154,0.8121,P6,P7,0.00,0.00,4690.0,4656.0,3801.0
final_left_i32,16384,arena_cold,45,3,P5|P6|P7,P7,22414.0,P7,22414.0,1.0000,P6,1.0446,P7>P6>P5,1.0000,0,0.9568,0.8475,P6,,17.00,17.00,38226.0,23414.0,22414.0
final_left_i32,16384,arena_warm,45,3,P5|P6|P7,P7,3750.0,P7,3750.0,1.0000,P6,1.2243,P7>P6>P5,1.0005,0,0.8181,0.8130,P6,P7,0.00,0.00,4641.0,4591.0,3750.0
final_left_i32,16384,glibc_default_fresh,45,3,P5|P6|P7,P7,3836.0,P7,3836.0,1.0000,P6,1.2044,P7>P6>P5,1.0010,0,0.8326,0.8234,P6,P7,0.00,0.00,4695.0,4620.0,3836.0
final_left_i32,65536,glibc_default,45,3,P5|P6|P7,P7,14308.0,P7,14308.0,1.0000,P6,1.1902,P7>P6>P5,1.0000,0,0.8436,0.8401,P6,P7,0.00,0.00,18508.0,17030.0,14308.0
final_left_i32,65536,glibc_t1,45,3,P5|P6|P7,P7,16136.0,P7,16136.0,1.0000,P6,1.1524,P7>P6>P5,1.0000,0,0.8384,0.8319,P6,P7,0.00,0.00,18764.0,18595.0,16136.0
final_left_i32,65536,glibc_t2,45,3,P5|P6|P7,P7,77227.0,P7,77227.0,1.0000,P6,1.0513,P7>P6>P5,1.0003,0,0.9475,0.9239,P6,P7,65.00,65.00,161243.0,81187.0,77227.0
final_left_i32,65536,arena_cold,45,3,P5|P6|P7,P7,76521.0,P7,76521.0,1.0000,P6,1.0928,P7>P6>P5,1.0088,0,0.9294,0.8907,P6,P7,65.00,65.00,146988.0,83622.0,76521.0
final_left_i32,65536,arena_warm,45,3,P5|P6|P7,P7,14235.0,P7,14235.0,1.0000,P6,1.1883,P7>P6>P5,1.0039,0,0.8442,0.8420,P6,P7,0.00,0.00,18093.0,16915.0,14235.0
final_left_i32,65536,glibc_default_fresh,45,3,P5|P6|P7,P7,14280.0,P7,14280.0,1.0000,P6,1.1905,P7>P6>P5,1.0014,0,0.8430,0.8368,P6,P7,0.00,0.00,120236.0,17001.0,14280.0
final_left_i32,262144,glibc_default,45,3,P5|P6|P7,P7,161639.0,P7,161639.0,1.0000,P6,1.1767,P7>P6>P5,1.0000,0,0.8433,0.8326,P6,P7,0.00,0.00,236508.0,190202.0,161639.0
final_left_i32,262144,glibc_t1,45,3,P5|P6|P7,P7,152993.0,P7,152993.0,1.0000,P6,1.2395,P7>P6>P5,1.0000,0,0.8285,0.7738,P6,P7,0.00,0.00,237439.0,189628.0,152993.0
final_left_i32,262144,glibc_t2,45,3,P5|P6|P7,P7,378009.0,P7,378009.0,1.0000,P6,1.0700,P7>P6>P5,1.0169,0,0.9249,0.9145,P6,P7,257.00,257.00,712564.0,404488.0,378009.0
final_left_i32,262144,arena_cold,45,3,P5|P6|P7,P7,373540.0,P7,373540.0,1.0000,P6,1.1127,P7>P6>P5,1.0141,0,0.8958,0.8787,P6,P7,257.00,257.00,684623.0,415649.0,373540.0
final_left_i32,262144,arena_warm,45,3,P5|P6|P7,P7,158736.0,P7,158736.0,1.0000,P6,1.1826,P7>P6>P5,1.0000,0,0.8443,0.8169,P6,P7,0.00,0.00,238698.0,187722.0,158736.0
final_left_i32,262144,glibc_default_fresh,45,3,P5|P6|P7,P7,154161.0,P7,154161.0,1.0000,P6,1.1712,P7>P6>P5,1.0000,0,0.8484,0.8083,P6,P7,0.00,0.00,676777.0,180548.0,154161.0
final_left_i32,1048576,glibc_default,45,3,P5|P6|P7,P7,650005.0,P7,650005.0,1.0000,P6,1.2769,P7>P6>P5,1.0000,0,0.7847,0.7722,P6,P7,0.00,0.00,987545.0,829986.0,650005.0
final_left_i32,1048576,glibc_t1,45,3,P5|P6|P7,P7,659002.0,P7,659002.0,1.0000,P6,1.2814,P7>P6>P5,1.0102,0,0.7899,0.7790,P6,P7,0.00,0.00,1008156.0,844435.0,659002.0
final_left_i32,1048576,glibc_t2,45,3,P5|P6|P7,P7,1548645.0,P7,1548645.0,1.0000,P6,1.1150,P7>P6>P5,1.0123,0,0.8980,0.8813,P6,P7,1025.00,1025.00,3067344.0,1726705.0,1548645.0
final_left_i32,1048576,arena_cold,45,3,P5|P6|P7,P7,1567767.0,P7,1567767.0,1.0000,P6,1.1481,P7>P6>P5,1.0018,0,0.8698,0.8608,P6,P7,1025.00,1025.00,3031801.0,1799957.0,1567767.0
final_left_i32,1048576,arena_warm,45,3,P5|P6|P7,P7,647720.0,P7,647720.0,1.0000,P6,1.2766,P7>P6>P5,1.0000,0,0.7897,0.7778,P6,P7,0.00,0.00,999685.0,826910.0,647720.0
final_left_i32,1048576,glibc_default_fresh,45,3,P5|P6|P7,P7,633197.0,P7,633197.0,1.0000,P6,1.2919,P7>P6>P5,1.0000,0,0.7816,0.7634,P6,P7,0.00,0.00,2893417.0,818043.0,633197.0
final_left_i32,4194304,glibc_default,45,3,P5|P6|P7,P7,2799393.0,P7,2799393.0,1.0000,P6,1.2808,P7>P6>P5,1.0261,0,0.7778,0.7686,P6,P7,0.00,0.00,5270079.0,3585482.0,2799393.0
final_left_i32,4194304,glibc_t1,45,3,P5|P6|P7,P7,2978823.0,P7,2978823.0,1.0000,P6,1.2697,P7>P6>P5,1.0201,0,0.7756,0.7635,P6,P7,0.00,0.00,5437163.0,3782097.0,2978823.0
final_left_i32,4194304,glibc_t2,45,3,P5|P6|P7,P7,8214739.0,P7,8214739.0,1.0000,P6,1.1596,P7>P6>P5,1.0010,0,0.8797,0.8620,P6,P7,4097.00,4097.00,17458538.0,9525767.0,8214739.0
final_left_i32,4194304,arena_cold,45,3,P5|P6|P7,P7,8579488.0,P7,8579488.0,1.0000,P6,1.2776,P7>P6>P5,1.0000,0,0.7864,0.7726,P6,P7,4097.00,4097.00,17850698.0,10960890.0,8579488.0
final_left_i32,4194304,arena_warm,45,3,P5|P6|P7,P7,2689055.0,P7,2689055.0,1.0000,P6,1.2807,P7>P6>P5,1.0185,0,0.7839,0.7743,P6,P7,0.00,0.00,5073094.0,3443812.0,2689055.0
final_left_i32,4194304,glibc_default_fresh,45,3,P5|P6|P7,P7,3459448.0,P7,3459448.0,1.0000,P6,1.4347,P7>P6>P5,1.1452,0,0.7207,0.6965,P6,P7,0.00,0.00,17897526.0,4963122.0,3459448.0
final_left_i32,16777216,glibc_default,45,3,P5|P6|P7,P7,44672140.0,P7,44672140.0,1.0000,P6,1.1570,P7>P6>P5,1.0000,0,0.8519,0.8395,P6,P7,16385.00,16385.00,80961556.0,51686843.0,44672140.0
final_left_i32,16777216,glibc_t1,45,3,P5|P6|P7,P7,44033603.0,P7,44033603.0,1.0000,P6,1.1548,P7>P6>P5,1.0000,0,0.8601,0.8521,P6,P7,16385.00,16385.00,79781356.0,50852125.0,44033603.0
final_left_i32,16777216,glibc_t2,45,3,P5|P6|P7,P7,44150842.0,P7,44150842.0,1.0000,P6,1.1462,P7>P6>P5,1.0107,0,0.8634,0.8549,P6,P7,16385.00,16385.00,79026708.0,50604595.0,44150842.0
final_left_i32,16777216,arena_cold,45,3,P5|P6|P7,P7,45860966.0,P7,45860966.0,1.0000,P6,1.1671,P7>P6>P5,1.0063,0,0.8629,0.8507,P6,P7,16385.00,16385.00,81742370.0,53524616.0,45860966.0
final_left_i32,16777216,arena_warm,45,3,P5|P6|P7,P7,21477238.0,P7,21477238.0,1.0000,P6,1.3609,P7>P6>P5,1.0056,0,0.7329,0.7222,P6,P7,0.00,0.00,33759153.0,29228037.0,21477238.0
final_left_i32,16777216,glibc_default_fresh,45,3,P5|P6|P7,P7,42565023.0,P7,42565023.0,1.0000,P6,1.1577,P7>P6>P5,1.0079,0,0.8664,0.8590,P6,P7,16385.00,16385.00,78092509.0,49278271.0,42565023.0
final_right,64,glibc_default,45,3,P5|P6|P7,P7,1369.3,P7,1369.3,1.0000,P6,1.0170,P7>P6>P5,1.0000,0,0.9838,0.9779,P6,,0.00,0.00,1410.7,1392.6,1369.3
final_right,64,glibc_t1,45,3,P5|P6|P7,P7,1372.2,P7,1372.2,1.0000,P6,1.0157,P7>P6>P5,1.0022,0,0.9846,0.9787,P6,,0.00,0.00,1413.9,1393.7,1372.2
final_right,64,glibc_t2,45,3,P5|P6|P7,P7,1379.3,P7,1379.3,1.0000,P6,1.0215,P7>P6>P5,1.0000,0,0.9754,0.9712,P6,,0.00,0.00,1431.7,1408.9,1379.3
final_right,64,arena_cold,45,3,P5|P6|P7,P7,334.9,P7,334.9,1.0000,P6,1.0717,P7>P6>P5,1.0000,0,0.9243,0.9184,P6,P7,0.08,0.08,370.3,358.9,334.9
final_right,64,arena_warm,45,3,P5|P6|P7,P7,247.1,P7,247.1,1.0000,P6,1.0654,P7>P6>P5,1.0000,0,0.9412,0.9111,P6,P7,0.00,0.00,277.1,263.2,247.1
final_right,64,glibc_default_fresh,45,3,P5|P6|P7,P7,1386.3,P7,1386.3,1.0000,P6,1.0186,P7>P6>P5,1.0022,0,0.9902,0.9739,P6,,0.00,0.00,1437.0,1412.1,1386.3
final_right,1024,glibc_default,45,3,P5|P6|P7,P7,1560.6,P7,1560.6,1.0000,P6,1.0771,P7>P6>P5,1.0000,0,0.9242,0.9161,P6,P7,0.00,0.00,1716.6,1680.9,1560.6
final_right,1024,glibc_t1,45,3,P5|P6|P7,P7,1572.2,P7,1572.2,1.0000,P6,1.0798,P7>P6>P5,1.0000,0,0.9223,0.9147,P6,P7,0.00,0.00,1702.7,1697.6,1572.2
final_right,1024,glibc_t2,45,3,P5|P6|P7,P7,1560.8,P7,1560.8,1.0000,P6,1.0844,P7>P6>P5,1.0000,0,0.9213,0.9143,P6,P7,0.00,0.00,1730.7,1692.5,1560.8
final_right,1024,arena_cold,45,3,P5|P6|P7,P7,1602.1,P7,1602.1,1.0000,P6,1.0534,P7>P6>P5,1.0000,0,0.9446,0.9382,P6,P7,1.02,1.02,1709.5,1687.6,1602.1
final_right,1024,arena_warm,45,3,P5|P6|P7,P7,404.5,P7,404.5,1.0000,P6,1.2458,P7>P6>P5,1.0000,0,0.8050,0.7842,P6,P7,0.00,0.00,523.9,503.9,404.5
final_right,1024,glibc_default_fresh,45,3,P5|P6|P7,P7,1562.4,P7,1562.4,1.0000,P6,1.0747,P7>P6>P5,1.0048,0,0.9302,0.9141,P6,P7,0.00,0.00,1716.8,1679.1,1562.4
final_right,4096,glibc_default,45,3,P5|P6|P7,P7,1309.0,P7,1309.0,1.0000,P6,1.1536,P7>P6>P5,1.0046,0,0.8952,0.8852,P6,P7,0.00,0.00,1623.0,1510.0,1309.0
final_right,4096,glibc_t1,45,3,P5|P6|P7,P7,1220.0,P7,1220.0,1.0000,P6,1.0967,P7>P6>P5,1.0167,0,0.9037,0.8968,P6,P7,0.00,0.00,1535.0,1338.0,1220.0
final_right,4096,glibc_t2,45,3,P5|P6|P7,P7,1224.0,P7,1224.0,1.0000,P6,1.1062,P7>P6>P5,1.0099,0,0.9014,0.8898,P6,P7,0.00,0.00,1521.0,1354.0,1224.0
final_right,4096,arena_cold,45,3,P5|P6|P7,P7,6901.0,P7,6901.0,1.0000,P6,1.0335,P7>P6>P5,1.0122,0,0.9779,0.9582,P6,,5.00,5.00,10988.0,7132.0,6901.0
final_right,4096,arena_warm,45,3,P5|P6|P7,P7,1198.0,P7,1198.0,1.0000,P6,1.1344,P7>P6>P5,1.0076,0,0.8802,0.8665,P6,P7,0.00,0.00,1478.0,1359.0,1198.0
final_right,4096,glibc_default_fresh,45,3,P5|P6|P7,P7,1221.0,P7,1221.0,1.0000,P6,1.1196,P7>P6>P5,1.0124,0,0.8908,0.8780,P6,P7,0.00,0.00,1524.0,1367.0,1221.0
final_right,16384,glibc_default,45,3,P5|P6|P7,P7,4045.0,P7,4045.0,1.0000,P5,1.1824,P7>P5>P6,1.0143,0,0.8292,0.8258,P6,P7,0.00,0.00,4783.0,4852.0,4045.0
final_right,16384,glibc_t1,45,3,P5|P6|P7,P7,3815.0,P7,3815.0,1.0000,P6,1.2087,P7>P6>P5,1.0053,0,0.8273,0.8242,P6,P7,0.00,0.00,4718.0,4611.0,3815.0
final_right,16384,glibc_t2,45,3,P5|P6|P7,P7,3812.0,P7,3812.0,1.0000,P6,1.2072,P7>P6>P5,1.0037,0,0.8288,0.8233,P6,P7,0.00,0.00,4708.0,4602.0,3812.0
final_right,16384,arena_cold,45,3,P5|P6|P7,P7,22861.0,P7,22861.0,1.0000,P6,1.0287,P7>P6>P5,1.0149,0,0.9612,0.8527,P6,,17.00,17.00,38346.0,23516.0,22861.0
final_right,16384,arena_warm,45,3,P5|P6|P7,P7,3824.0,P7,3824.0,1.0000,P6,1.1948,P7>P6>P5,1.0010,0,0.8354,0.8343,P6,P7,0.00,0.00,4635.0,4569.0,3824.0
final_right,16384,glibc_default_fresh,45,3,P5|P6|P7,P7,3857.0,P7,3857.0,1.0000,P6,1.1893,P7>P6>P5,1.0050,0,0.8399,0.8362,P6,P7,0.00,0.00,4698.0,4587.0,3857.0
final_right,65536,glibc_default,45,3,P5|P6|P7,P7,15390.0,P7,15390.0,1.0000,P6,1.1994,P7>P6>P5,1.0000,0,0.8446,0.8380,P6,P7,0.00,0.00,19707.0,18459.0,15390.0
final_right,65536,glibc_t1,45,3,P5|P6|P7,P7,16258.0,P7,16258.0,1.0000,P5,1.1461,P7>P5>P6,1.0116,0,0.8491,0.8362,P6,P7,0.00,0.00,18634.0,19128.0,16258.0
final_right,65536,glibc_t2,45,3,P5|P6|P7,P7,76838.0,P7,76838.0,1.0000,P6,1.0692,P7>P6>P5,1.0000,0,0.9523,0.8967,P6,P7,65.00,65.00,163770.0,82157.0,76838.0
final_right,65536,arena_cold,45,3,P5|P6|P7,P7,80455.0,P7,80455.0,1.0000,P6,1.0291,P7>P6>P5,1.0001,0,0.9319,0.9226,P6,,65.00,65.00,152445.0,82794.0,80455.0
final_right,65536,arena_warm,45,3,P5|P6|P7,P7,14298.0,P7,14298.0,1.0000,P6,1.1967,P7>P6>P5,1.0039,0,0.8431,0.8373,P6,P7,0.00,0.00,17975.0,17111.0,14298.0
final_right,65536,glibc_default_fresh,45,3,P5|P6|P7,P7,14654.0,P7,14654.0,1.0000,P6,1.2024,P7>P6>P5,1.0130,0,0.8251,0.8194,P6,P7,0.00,0.00,122366.0,17620.0,14654.0
final_right,262144,glibc_default,45,3,P5|P6|P7,P7,155443.0,P7,155443.0,1.0000,P6,1.1684,P7>P6>P5,1.0000,0,0.8540,0.8440,P6,P7,0.00,0.00,229531.0,181616.0,155443.0
final_right,262144,glibc_t1,45,3,P5|P6|P7,P7,160338.0,P7,160338.0,1.0000,P6,1.1524,P7>P6>P5,1.0000,0,0.8535,0.8428,P6,P7,0.00,0.00,239016.0,184770.0,160338.0
final_right,262144,glibc_t2,45,3,P5|P6|P7,P7,371801.0,P7,371801.0,1.0000,P6,1.0971,P7>P6>P5,1.0074,0,0.8981,0.8655,P6,P7,257.00,257.00,711694.0,407899.0,371801.0
final_right,262144,arena_cold,45,3,P5|P6|P7,P7,380035.0,P7,380035.0,1.0000,P6,1.1211,P7>P6>P5,1.0108,0,0.8817,0.8759,P6,P7,257.00,257.00,715812.0,426071.0,380035.0
final_right,262144,arena_warm,45,3,P5|P6|P7,P7,157836.0,P7,157836.0,1.0000,P6,1.1437,P7>P6>P5,1.0246,0,0.8611,0.8526,P6,P7,0.00,0.00,234446.0,180518.0,157836.0
final_right,262144,glibc_default_fresh,45,3,P5|P6|P7,P7,156900.0,P7,156900.0,1.0000,P6,1.1492,P7>P6>P5,1.0218,0,0.8584,0.8339,P6,P7,0.00,0.00,697549.0,180302.0,156900.0
final_right,1048576,glibc_default,45,3,P5|P6|P7,P7,659245.0,P7,659245.0,1.0000,P6,1.2578,P7>P6>P5,1.0000,0,0.7929,0.7833,P6,P7,0.00,0.00,1025499.0,829205.0,659245.0
final_right,1048576,glibc_t1,45,3,P5|P6|P7,P7,674305.0,P7,674305.0,1.0000,P6,1.2583,P7>P6>P5,1.0029,0,0.7862,0.7716,P6,P7,0.00,0.00,1058896.0,848498.0,674305.0
final_right,1048576,glibc_t2,45,3,P5|P6|P7,P7,1526751.0,P7,1526751.0,1.0000,P6,1.1160,P7>P6>P5,1.0000,0,0.9012,0.8835,P6,P7,1025.00,1025.00,3162989.0,1703881.0,1526751.0
final_right,1048576,arena_cold,45,3,P5|P6|P7,P7,1593791.0,P7,1593791.0,1.0000,P6,1.1181,P7>P6>P5,1.0025,0,0.8880,0.8792,P6,P7,1025.00,1025.00,3062683.0,1782055.0,1593791.0
final_right,1048576,arena_warm,45,3,P5|P6|P7,P7,654958.0,P7,654958.0,1.0000,P6,1.2761,P7>P6>P5,1.0000,0,0.7795,0.7666,P6,P7,0.00,0.00,1057143.0,835813.0,654958.0
final_right,1048576,glibc_default_fresh,45,3,P5|P6|P7,P7,649829.0,P7,649829.0,1.0000,P6,1.2652,P7>P6>P5,1.0000,0,0.7879,0.7774,P6,P7,0.00,0.00,3049004.0,822151.0,649829.0
final_right,4194304,glibc_default,45,3,P5|P6|P7,P7,2994523.0,P7,2994523.0,1.0000,P6,1.2963,P7>P6>P5,1.0146,0,0.7729,0.7594,P6,P7,0.00,0.00,5468045.0,3881834.0,2994523.0
final_right,4194304,glibc_t1,45,3,P5|P6|P7,P7,3445521.0,P7,3445521.0,1.0000,P6,1.2609,P7>P6>P5,1.0747,0,0.7788,0.7607,P6,P7,0.00,0.00,5872414.0,4344398.0,3445521.0
final_right,4194304,glibc_t2,45,3,P5|P6|P7,P7,8756952.0,P7,8756952.0,1.0000,P6,1.1331,P7>P6>P5,1.0000,0,0.8911,0.8827,P6,P7,4097.00,4097.00,18011521.0,9922585.0,8756952.0
final_right,4194304,arena_cold,45,3,P5|P6|P7,P7,8255077.0,P7,8255077.0,1.0000,P6,1.2161,P7>P6>P5,1.0274,0,0.8164,0.7942,P6,P7,4097.00,4097.00,16985870.0,10038771.0,8255077.0
final_right,4194304,arena_warm,45,3,P5|P6|P7,P7,3038881.0,P7,3038881.0,1.0000,P6,1.2930,P7>P6>P5,1.0110,0,0.7797,0.7724,P6,P7,0.00,0.00,5292162.0,3929338.0,3038881.0
final_right,4194304,glibc_default_fresh,45,3,P5|P6|P7,P7,3794787.0,P7,3794787.0,1.0000,P6,1.3360,P7>P6>P5,1.0860,0,0.7712,0.7427,P6,P7,0.00,0.00,17990704.0,5069899.0,3794787.0
final_right,16777216,glibc_default,45,3,P5|P6|P7,P7,42749762.0,P7,42749762.0,1.0000,P6,1.1654,P7>P6>P5,1.0036,0,0.8552,0.8490,P6,P7,16385.00,16385.00,77660179.0,49818477.0,42749762.0
final_right,16777216,glibc_t1,45,3,P5|P6|P7,P7,42843837.0,P7,42843837.0,1.0000,P6,1.1761,P7>P6>P5,1.0000,0,0.8514,0.8413,P6,P7,16385.00,16385.00,78388625.0,50387703.0,42843837.0
final_right,16777216,glibc_t2,45,3,P5|P6|P7,P7,43409975.0,P7,43409975.0,1.0000,P6,1.1617,P7>P6>P5,1.0000,0,0.8597,0.8381,P6,P7,16385.00,16385.00,78671755.0,50429579.0,43409975.0
final_right,16777216,arena_cold,45,3,P5|P6|P7,P7,43825705.0,P7,43825705.0,1.0000,P6,1.1570,P7>P6>P5,1.0097,0,0.8641,0.8572,P6,P7,16385.00,16385.00,78481256.0,50704515.0,43825705.0
final_right,16777216,arena_warm,45,3,P5|P6|P7,P7,21422193.0,P7,21422193.0,1.0000,P6,1.3650,P7>P6>P5,1.0000,0,0.7292,0.7215,P6,P7,0.00,0.00,35026859.0,29242182.0,21422193.0
final_right,16777216,glibc_default_fresh,45,3,P5|P6|P7,P7,42480836.0,P7,42480836.0,1.0000,P6,1.1626,P7>P6>P5,1.0053,0,0.8646,0.8529,P6,P7,16385.00,16385.00,78874130.0,49387721.0,42480836.0
inter_out,64,glibc_default,45,2,P5|P6=P7,P6,3285.4,P6,3285.4,1.0000,P5,1.0011,P6>P5,1.0003,0,0.9960,0.9922,P5,,0.00,0.00,3289.0,3285.4,
inter_out,64,glibc_t1,45,2,P5|P6=P7,P6,3265.2,P6,3265.2,1.0000,P5,1.0073,P6>P5,1.0016,0,0.9971,0.9909,P5,,0.00,0.00,3288.9,3265.2,
inter_out,64,glibc_t2,45,2,P5|P6=P7,P5,3298.4,P6,3300.2,1.0006,P6,1.0006,P5>P6,1.0000,0,1.0034,0.9897,P5,,0.00,0.00,3298.4,3300.2,
inter_out,64,arena_cold,45,2,P5|P6=P7,P6,481.4,P6,481.4,1.0000,P5,1.0347,P6>P5,1.0000,0,0.9714,0.9609,P5,,0.16,0.16,498.1,481.4,
inter_out,64,arena_warm,45,2,P5|P6=P7,P6,310.6,P6,310.6,1.0000,P5,1.0485,P6>P5,1.0068,0,0.9552,0.9454,P5,P6,0.00,0.00,325.6,310.6,
inter_out,64,glibc_default_fresh,45,2,P5|P6=P7,P6,3284.8,P6,3284.8,1.0000,P5,1.0103,P6>P5,1.0000,0,0.9920,0.9870,P5,,0.00,0.00,3318.8,3284.8,
inter_out,1024,glibc_default,45,2,P5|P6=P7,P6,3940.9,P6,3940.9,1.0000,P5,1.0233,P6>P5,1.0000,0,0.9834,0.9749,P5,,0.00,0.00,4032.9,3940.9,
inter_out,1024,glibc_t1,45,2,P5|P6=P7,P6,3899.9,P6,3899.9,1.0000,P5,1.0293,P6>P5,1.0000,0,0.9715,0.9666,P5,,0.00,0.00,4014.4,3899.9,
inter_out,1024,glibc_t2,45,2,P5|P6=P7,P6,3893.0,P6,3893.0,1.0000,P5,1.0229,P6>P5,1.0013,0,0.9758,0.9673,P5,,0.00,0.00,3982.1,3893.0,
inter_out,1024,arena_cold,45,2,P5|P6=P7,P6,3287.2,P6,3287.2,1.0000,P5,1.0068,P6>P5,1.0000,0,0.9941,0.9835,P5,,2.03,2.03,3309.6,3287.2,
inter_out,1024,arena_warm,45,2,P5|P6=P7,P6,730.4,P6,730.4,1.0000,P5,1.0556,P6>P5,1.0033,0,0.9688,0.9420,P5,,0.00,0.00,771.0,730.4,
inter_out,1024,glibc_default_fresh,45,2,P5|P6=P7,P6,3872.8,P6,3872.8,1.0000,P5,1.0275,P6>P5,1.0000,0,0.9753,0.9653,P5,,0.00,0.00,3979.5,3872.8,
inter_out,4096,glibc_default,45,2,P5|P6=P7,P6,1684.0,P6,1684.0,1.0000,P5,1.1562,P6>P5,1.0078,0,0.8592,0.8504,P5,P6,0.00,0.00,1947.0,1684.0,
inter_out,4096,glibc_t1,45,2,P5|P6=P7,P6,2002.0,P6,2002.0,1.0000,P5,1.1454,P6>P5,1.0020,0,0.8789,0.8698,P5,P6,0.00,0.00,2293.0,2002.0,
inter_out,4096,glibc_t2,45,2,P5|P6=P7,P6,1664.0,P6,1664.0,1.0000,P5,1.1605,P6>P5,1.0048,0,0.8560,0.8482,P5,P6,0.00,0.00,1931.0,1664.0,
inter_out,4096,arena_cold,45,2,P5|P6=P7,P6,12269.0,P6,12269.0,1.0000,P5,1.3872,P6>P5,1.0091,0,0.7679,0.7198,P5,P6,9.00,9.00,17020.0,12269.0,
inter_out,4096,arena_warm,45,2,P5|P6=P7,P6,1603.0,P6,1603.0,1.0000,P5,1.2096,P6>P5,1.0088,0,0.8255,0.8199,P5,P6,0.00,0.00,1939.0,1603.0,
inter_out,4096,glibc_default_fresh,45,2,P5|P6=P7,P6,1642.0,P6,1642.0,1.0000,P5,1.1590,P6>P5,1.0080,0,0.8627,0.8526,P5,P6,0.00,0.00,1903.0,1642.0,
inter_out,16384,glibc_default,45,2,P5|P6=P7,P6,6267.0,P6,6267.0,1.0000,P5,1.0370,P6>P5,1.0000,0,0.9686,0.9613,P5,P6,0.00,0.00,6499.0,6267.0,
inter_out,16384,glibc_t1,45,2,P5|P6=P7,P6,6216.0,P6,6216.0,1.0000,P5,1.0384,P6>P5,1.0023,0,0.9607,0.9557,P5,P6,0.00,0.00,6455.0,6216.0,
inter_out,16384,glibc_t2,45,2,P5|P6=P7,P6,6268.0,P6,6268.0,1.0000,P5,1.0405,P6>P5,1.0024,0,0.9658,0.9583,P5,P6,0.00,0.00,6522.0,6268.0,
inter_out,16384,arena_cold,45,2,P5|P6=P7,P6,42612.0,P6,42612.0,1.0000,P5,1.3603,P6>P5,1.0000,0,0.7227,0.7089,P5,P6,33.00,33.00,57966.0,42612.0,
inter_out,16384,arena_warm,45,2,P5|P6=P7,P6,6251.0,P6,6251.0,1.0000,P5,1.0266,P6>P5,1.0077,0,0.9741,0.9700,P5,,0.00,0.00,6417.0,6251.0,
inter_out,16384,glibc_default_fresh,45,2,P5|P6=P7,P6,6167.0,P6,6167.0,1.0000,P5,1.0444,P6>P5,1.0000,0,0.9597,0.9494,P5,P6,0.00,0.00,6441.0,6167.0,
inter_out,65536,glibc_default,45,2,P5|P6=P7,P6,27430.0,P6,27430.0,1.0000,P5,1.1461,P6>P5,1.0255,0,0.8853,0.8694,P5,P6,0.00,0.00,31437.0,27430.0,
inter_out,65536,glibc_t1,45,2,P5|P6=P7,P6,26207.0,P6,26207.0,1.0000,P5,1.1132,P6>P5,1.0041,0,0.8937,0.8847,P5,P6,0.00,0.00,29174.0,26207.0,
inter_out,65536,glibc_t2,45,2,P5|P6=P7,P6,172260.0,P6,172260.0,1.0000,P5,1.4570,P6>P5,1.0082,0,0.6978,0.6706,P5,P6,130.00,130.00,250981.0,172260.0,
inter_out,65536,arena_cold,45,2,P5|P6=P7,P6,175298.0,P6,175298.0,1.0000,P5,1.3494,P6>P5,1.0280,0,0.7216,0.7068,P5,P6,129.00,129.00,236542.0,175298.0,
inter_out,65536,arena_warm,45,2,P5|P6=P7,P6,26020.0,P6,26020.0,1.0000,P5,1.1631,P6>P5,1.0204,0,0.8645,0.8424,P5,P6,0.00,0.00,30263.0,26020.0,
inter_out,65536,glibc_default_fresh,45,2,P5|P6=P7,P6,25426.0,P6,25426.0,1.0000,P5,1.1583,P6>P5,1.0149,0,0.8657,0.8554,P5,P6,0.00,0.00,29452.0,25426.0,
inter_out,262144,glibc_default,45,2,P5|P6=P7,P6,243280.0,P6,243280.0,1.0000,P5,1.2492,P6>P5,1.0000,0,0.8050,0.7908,P5,P6,0.00,0.00,303896.0,243280.0,
inter_out,262144,glibc_t1,45,2,P5|P6=P7,P6,242291.0,P6,242291.0,1.0000,P5,1.2373,P6>P5,1.0039,0,0.8204,0.7914,P5,P6,0.00,0.00,299778.0,242291.0,
inter_out,262144,glibc_t2,45,2,P5|P6=P7,P6,793106.0,P6,793106.0,1.0000,P5,1.4110,P6>P5,1.0135,0,0.7124,0.7000,P5,P6,514.00,514.00,1119059.0,793106.0,
inter_out,262144,arena_cold,45,2,P5|P6=P7,P6,794353.0,P6,794353.0,1.0000,P5,1.3437,P6>P5,1.0000,0,0.7432,0.7228,P5,P6,513.00,513.00,1067388.0,794353.0,
inter_out,262144,arena_warm,45,2,P5|P6=P7,P6,254553.0,P6,254553.0,1.0000,P5,1.2358,P6>P5,1.0000,0,0.8052,0.7804,P5,P6,0.00,0.00,314585.0,254553.0,
inter_out,262144,glibc_default_fresh,45,2,P5|P6=P7,P6,249127.0,P6,249127.0,1.0000,P5,1.2273,P6>P5,1.0052,0,0.8206,0.7956,P5,P6,0.00,0.00,305752.0,249127.0,
inter_out,1048576,glibc_default,45,2,P5|P6=P7,P6,1192235.0,P6,1192235.0,1.0000,P5,1.2466,P6>P5,1.0023,0,0.8197,0.7960,P5,P6,0.00,0.00,1486199.0,1192235.0,
inter_out,1048576,glibc_t1,45,2,P5|P6=P7,P6,1162155.0,P6,1162155.0,1.0000,P5,1.1826,P6>P5,1.0012,0,0.8614,0.8311,P5,P6,0.00,0.00,1374419.0,1162155.0,
inter_out,1048576,glibc_t2,45,2,P5|P6=P7,P6,3351330.0,P6,3351330.0,1.0000,P5,1.4951,P6>P5,1.0000,0,0.6815,0.6633,P5,P6,2050.00,2050.00,5010585.0,3351330.0,
inter_out,1048576,arena_cold,45,2,P5|P6=P7,P6,3484306.0,P6,3484306.0,1.0000,P5,1.4374,P6>P5,1.0015,0,0.7296,0.6857,P5,P6,2049.00,2049.00,5008445.0,3484306.0,
inter_out,1048576,arena_warm,45,2,P5|P6=P7,P6,1156538.0,P6,1156538.0,1.0000,P5,1.2555,P6>P5,1.0000,0,0.8161,0.7999,P5,P6,0.00,0.00,1452043.0,1156538.0,
inter_out,1048576,glibc_default_fresh,45,2,P5|P6=P7,P6,1151126.0,P6,1151126.0,1.0000,P5,1.1923,P6>P5,1.0045,0,0.8508,0.8278,P5,P6,0.00,0.00,1372456.0,1151126.0,
inter_out,4194304,glibc_default,45,2,P5|P6=P7,P6,6775884.0,P6,6775884.0,1.0000,P5,1.1705,P6>P5,1.0270,0,0.8480,0.8328,P5,P6,0.00,0.00,7930997.0,6775884.0,
inter_out,4194304,glibc_t1,45,2,P5|P6=P7,P6,6727336.0,P6,6727336.0,1.0000,P5,1.1609,P6>P5,1.0204,0,0.8508,0.8332,P5,P6,0.00,0.00,7809587.0,6727336.0,
inter_out,4194304,glibc_t2,45,2,P5|P6=P7,P6,21209175.0,P6,21209175.0,1.0000,P5,1.4083,P6>P5,1.0175,0,0.7124,0.6930,P5,P6,8194.00,8194.00,29869162.0,21209175.0,
inter_out,4194304,arena_cold,45,2,P5|P6=P7,P6,21416979.0,P6,21416979.0,1.0000,P5,1.3180,P6>P5,1.0171,0,0.7553,0.7494,P5,P6,8193.00,8193.00,28227375.0,21416979.0,
inter_out,4194304,arena_warm,45,2,P5|P6=P7,P6,6932241.0,P6,6932241.0,1.0000,P5,1.1721,P6>P5,1.0145,0,0.8488,0.8270,P5,P6,0.00,0.00,8125072.0,6932241.0,
inter_out,4194304,glibc_default_fresh,45,2,P5|P6=P7,P6,6494823.0,P6,6494823.0,1.0000,P5,1.1779,P6>P5,1.0115,0,0.8414,0.8297,P5,P6,0.00,0.00,7650279.0,6494823.0,
inter_out,16777216,glibc_default,45,2,P5|P6=P7,P6,91145231.0,P6,91145231.0,1.0000,P5,1.3039,P6>P5,1.0029,0,0.7623,0.7545,P5,P6,32770.00,32770.00,118840759.0,91145231.0,
inter_out,16777216,glibc_t1,45,2,P5|P6=P7,P6,95000597.0,P6,95000597.0,1.0000,P5,1.2891,P6>P5,1.0090,0,0.7655,0.7548,P5,P6,32770.00,32770.00,122465891.0,95000597.0,
inter_out,16777216,glibc_t2,45,2,P5|P6=P7,P6,89554258.0,P6,89554258.0,1.0000,P5,1.3103,P6>P5,1.0036,0,0.7680,0.7593,P5,P6,32770.00,32770.00,117342031.0,89554258.0,
inter_out,16777216,arena_cold,45,2,P5|P6=P7,P6,95958839.0,P6,95958839.0,1.0000,P5,1.2919,P6>P5,1.0000,0,0.7764,0.7626,P5,P6,32769.00,32769.00,123973490.0,95958839.0,
inter_out,16777216,arena_warm,45,2,P5|P6=P7,P6,42146186.0,P6,42146186.0,1.0000,P5,1.1278,P6>P5,1.0000,0,0.8961,0.8867,P5,P6,0.00,0.00,47531331.0,42146186.0,
inter_out,16777216,glibc_default_fresh,45,2,P5|P6=P7,P6,89403078.0,P6,89403078.0,1.0000,P5,1.3161,P6>P5,1.0000,0,0.7538,0.7516,P5,P6,32770.00,32770.00,117660917.0,89403078.0,
single,64,glibc_default,45,1,P5=P6=P7,P5,1320.1,P5,1320.1,1.0000,,,P5,1.0000,,,,,,0.00,0.00,1320.1,,
single,64,glibc_t1,45,1,P5=P6=P7,P5,1326.7,P5,1326.7,1.0000,,,P5,1.0000,,,,,,0.00,0.00,1326.7,,
single,64,glibc_t2,45,1,P5=P6=P7,P5,1332.0,P5,1332.0,1.0000,,,P5,1.0000,,,,,,0.00,0.00,1332.0,,
single,64,arena_cold,45,1,P5=P6=P7,P5,287.5,P5,287.5,1.0000,,,P5,1.0000,,,,,,0.08,0.08,287.5,,
single,64,arena_warm,45,1,P5=P6=P7,P5,195.5,P5,195.5,1.0000,,,P5,1.0000,,,,,,0.00,0.00,195.5,,
single,64,glibc_default_fresh,45,1,P5=P6=P7,P5,1326.0,P5,1326.0,1.0000,,,P5,1.0000,,,,,,0.00,0.00,1326.0,,
single,1024,glibc_default,45,1,P5=P6=P7,P5,1516.1,P5,1516.1,1.0000,,,P5,1.0000,,,,,,0.00,0.00,1516.1,,
single,1024,glibc_t1,45,1,P5=P6=P7,P5,1495.6,P5,1495.6,1.0000,,,P5,1.0000,,,,,,0.00,0.00,1495.6,,
single,1024,glibc_t2,45,1,P5=P6=P7,P5,1508.3,P5,1508.3,1.0000,,,P5,1.0061,,,,,,0.00,0.00,1508.3,,
single,1024,arena_cold,45,1,P5=P6=P7,P5,1534.9,P5,1534.9,1.0000,,,P5,1.0092,,,,,,1.02,1.02,1534.9,,
single,1024,arena_warm,45,1,P5=P6=P7,P5,361.7,P5,361.7,1.0000,,,P5,1.0000,,,,,,0.00,0.00,361.7,,
single,1024,glibc_default_fresh,45,1,P5=P6=P7,P5,1508.8,P5,1508.8,1.0000,,,P5,1.0173,,,,,,0.00,0.00,1508.8,,
single,4096,glibc_default,45,1,P5=P6=P7,P5,805.0,P5,805.0,1.0000,,,P5,1.0000,,,,,,0.00,0.00,805.0,,
single,4096,glibc_t1,45,1,P5=P6=P7,P5,814.0,P5,814.0,1.0000,,,P5,1.0000,,,,,,0.00,0.00,814.0,,
single,4096,glibc_t2,45,1,P5=P6=P7,P5,807.0,P5,807.0,1.0000,,,P5,1.0050,,,,,,0.00,0.00,807.0,,
single,4096,arena_cold,45,1,P5=P6=P7,P5,6712.0,P5,6712.0,1.0000,,,P5,1.0142,,,,,,5.00,5.00,6712.0,,
single,4096,arena_warm,45,1,P5=P6=P7,P5,787.0,P5,787.0,1.0000,,,P5,1.0064,,,,,,0.00,0.00,787.0,,
single,4096,glibc_default_fresh,45,1,P5=P6=P7,P5,803.0,P5,803.0,1.0000,,,P5,1.0063,,,,,,0.00,0.00,803.0,,
single,16384,glibc_default,45,1,P5=P6=P7,P5,2451.0,P5,2451.0,1.0000,,,P5,1.0053,,,,,,0.00,0.00,2451.0,,
single,16384,glibc_t1,45,1,P5=P6=P7,P5,2500.0,P5,2500.0,1.0000,,,P5,1.0036,,,,,,0.00,0.00,2500.0,,
single,16384,glibc_t2,45,1,P5=P6=P7,P5,2456.0,P5,2456.0,1.0000,,,P5,1.0000,,,,,,0.00,0.00,2456.0,,
single,16384,arena_cold,45,1,P5=P6=P7,P5,21458.0,P5,21458.0,1.0000,,,P5,1.0000,,,,,,17.00,17.00,21458.0,,
single,16384,arena_warm,45,1,P5=P6=P7,P5,2446.0,P5,2446.0,1.0000,,,P5,1.0033,,,,,,0.00,0.00,2446.0,,
single,16384,glibc_default_fresh,45,1,P5=P6=P7,P5,2411.0,P5,2411.0,1.0000,,,P5,1.0000,,,,,,0.00,0.00,2411.0,,
single,65536,glibc_default,45,1,P5=P6=P7,P5,8771.0,P5,8771.0,1.0000,,,P5,1.0000,,,,,,0.00,0.00,8771.0,,
single,65536,glibc_t1,45,1,P5=P6=P7,P5,8966.0,P5,8966.0,1.0000,,,P5,1.0000,,,,,,0.00,0.00,8966.0,,
single,65536,glibc_t2,45,1,P5=P6=P7,P5,74222.0,P5,74222.0,1.0000,,,P5,1.0056,,,,,,65.00,65.00,74222.0,,
single,65536,arena_cold,45,1,P5=P6=P7,P5,74763.0,P5,74763.0,1.0000,,,P5,1.0115,,,,,,65.00,65.00,74763.0,,
single,65536,arena_warm,45,1,P5=P6=P7,P5,8760.0,P5,8760.0,1.0000,,,P5,1.0000,,,,,,0.00,0.00,8760.0,,
single,65536,glibc_default_fresh,45,1,P5=P6=P7,P5,8928.0,P5,8928.0,1.0000,,,P5,1.0021,,,,,,0.00,0.00,8928.0,,
single,262144,glibc_default,45,1,P5=P6=P7,P5,112976.0,P5,112976.0,1.0000,,,P5,1.0000,,,,,,0.00,0.00,112976.0,,
single,262144,glibc_t1,45,1,P5=P6=P7,P5,121016.0,P5,121016.0,1.0000,,,P5,1.0000,,,,,,0.00,0.00,121016.0,,
single,262144,glibc_t2,45,1,P5=P6=P7,P5,351505.0,P5,351505.0,1.0000,,,P5,1.0000,,,,,,257.00,257.00,351505.0,,
single,262144,arena_cold,45,1,P5=P6=P7,P5,355799.0,P5,355799.0,1.0000,,,P5,1.0000,,,,,,257.00,257.00,355799.0,,
single,262144,arena_warm,45,1,P5=P6=P7,P5,113548.0,P5,113548.0,1.0000,,,P5,1.0286,,,,,,0.00,0.00,113548.0,,
single,262144,glibc_default_fresh,45,1,P5=P6=P7,P5,111735.0,P5,111735.0,1.0000,,,P5,1.0035,,,,,,0.00,0.00,111735.0,,
single,1048576,glibc_default,45,1,P5=P6=P7,P5,516774.0,P5,516774.0,1.0000,,,P5,1.0266,,,,,,0.00,0.00,516774.0,,
single,1048576,glibc_t1,45,1,P5=P6=P7,P5,504394.0,P5,504394.0,1.0000,,,P5,1.0000,,,,,,0.00,0.00,504394.0,,
single,1048576,glibc_t2,45,1,P5=P6=P7,P5,1474071.0,P5,1474071.0,1.0000,,,P5,1.0000,,,,,,1025.00,1025.00,1474071.0,,
single,1048576,arena_cold,45,1,P5=P6=P7,P5,1503014.0,P5,1503014.0,1.0000,,,P5,1.0000,,,,,,1025.00,1025.00,1503014.0,,
single,1048576,arena_warm,45,1,P5=P6=P7,P5,516055.0,P5,516055.0,1.0000,,,P5,1.0000,,,,,,0.00,0.00,516055.0,,
single,1048576,glibc_default_fresh,45,1,P5=P6=P7,P5,486957.0,P5,486957.0,1.0000,,,P5,1.0020,,,,,,0.00,0.00,486957.0,,
single,4194304,glibc_default,45,1,P5=P6=P7,P5,2485339.0,P5,2485339.0,1.0000,,,P5,1.0000,,,,,,0.00,0.00,2485339.0,,
single,4194304,glibc_t1,45,1,P5=P6=P7,P5,2403353.0,P5,2403353.0,1.0000,,,P5,1.0000,,,,,,0.00,0.00,2403353.0,,
single,4194304,glibc_t2,45,1,P5=P6=P7,P5,7499379.0,P5,7499379.0,1.0000,,,P5,1.0000,,,,,,4097.00,4097.00,7499379.0,,
single,4194304,arena_cold,45,1,P5=P6=P7,P5,7526908.0,P5,7526908.0,1.0000,,,P5,1.0000,,,,,,4097.00,4097.00,7526908.0,,
single,4194304,arena_warm,45,1,P5=P6=P7,P5,2133759.0,P5,2133759.0,1.0000,,,P5,1.0084,,,,,,0.00,0.00,2133759.0,,
single,4194304,glibc_default_fresh,45,1,P5=P6=P7,P5,2132888.0,P5,2132888.0,1.0000,,,P5,1.0022,,,,,,0.00,0.00,2132888.0,,
single,16777216,glibc_default,45,1,P5=P6=P7,P5,39344848.0,P5,39344848.0,1.0000,,,P5,1.0000,,,,,,16385.00,16385.00,39344848.0,,
single,16777216,glibc_t1,45,1,P5=P6=P7,P5,38060656.0,P5,38060656.0,1.0000,,,P5,1.0156,,,,,,16385.00,16385.00,38060656.0,,
single,16777216,glibc_t2,45,1,P5=P6=P7,P5,37690476.0,P5,37690476.0,1.0000,,,P5,1.0059,,,,,,16385.00,16385.00,37690476.0,,
single,16777216,arena_cold,45,1,P5=P6=P7,P5,40392849.0,P5,40392849.0,1.0000,,,P5,1.0144,,,,,,16385.00,16385.00,40392849.0,,
single,16777216,arena_warm,45,1,P5=P6=P7,P5,16897112.0,P5,16897112.0,1.0000,,,P5,1.0000,,,,,,0.00,0.00,16897112.0,,
single,16777216,glibc_default_fresh,45,1,P5=P6=P7,P5,36978554.0,P5,36978554.0,1.0000,,,P5,1.0038,,,,,,16385.00,16385.00,36978554.0,,
