replicate,program,dtype,n,plan,group,is_fixed,is_twin,reuse,fuse,fresh,in_place,fused,copies,moves,loops,passes,payload_bytes_per_element,dry_result_allocs,dry_peak_live_bytes
3,single,f32,64,P5,P5=P6=P7,1,0,0,0,1,0,0,0,1,1,1,12,1,256
3,single,f32,64,FIXED_TWIN,FIXED_TWIN,0,1,0,0,1,0,0,0,1,1,1,12,1,256
3,single,f32,1024,P5,P5=P6=P7,1,0,0,0,1,0,0,0,1,1,1,12,1,4096
3,single,f32,1024,FIXED_TWIN,FIXED_TWIN,0,1,0,0,1,0,0,0,1,1,1,12,1,4096
3,single,f32,4096,P5,P5=P6=P7,1,0,0,0,1,0,0,0,1,1,1,12,1,16384
3,single,f32,4096,FIXED_TWIN,FIXED_TWIN,0,1,0,0,1,0,0,0,1,1,1,12,1,16384
3,single,f32,16384,P5,P5=P6=P7,1,0,0,0,1,0,0,0,1,1,1,12,1,65536
3,single,f32,16384,FIXED_TWIN,FIXED_TWIN,0,1,0,0,1,0,0,0,1,1,1,12,1,65536
3,single,f32,65536,P5,P5=P6=P7,1,0,0,0,1,0,0,0,1,1,1,12,1,262144
3,single,f32,65536,FIXED_TWIN,FIXED_TWIN,0,1,0,0,1,0,0,0,1,1,1,12,1,262144
3,single,f32,262144,P5,P5=P6=P7,1,0,0,0,1,0,0,0,1,1,1,12,1,1048576
3,single,f32,262144,FIXED_TWIN,FIXED_TWIN,0,1,0,0,1,0,0,0,1,1,1,12,1,1048576
3,single,f32,1048576,P5,P5=P6=P7,1,0,0,0,1,0,0,0,1,1,1,12,1,4194304
3,single,f32,1048576,FIXED_TWIN,FIXED_TWIN,0,1,0,0,1,0,0,0,1,1,1,12,1,4194304
3,single,f32,4194304,P5,P5=P6=P7,1,0,0,0,1,0,0,0,1,1,1,12,1,16777216
3,single,f32,4194304,FIXED_TWIN,FIXED_TWIN,0,1,0,0,1,0,0,0,1,1,1,12,1,16777216
3,single,f32,16777216,P5,P5=P6=P7,1,0,0,0,1,0,0,0,1,1,1,12,1,67108864
3,single,f32,16777216,FIXED_TWIN,FIXED_TWIN,0,1,0,0,1,0,0,0,1,1,1,12,1,67108864
3,final_left,f32,64,P5,P5,0,0,0,0,2,0,0,0,1,2,2,24,2,512
3,final_left,f32,64,P6,P6,0,0,1,0,1,1,0,0,1,2,2,24,1,256
3,final_left,f32,64,P7,P7,1,0,1,1,1,0,1,0,1,1,1,16,1,256
3,final_left,f32,64,FIXED_TWIN,FIXED_TWIN,0,1,1,1,1,0,1,0,1,1,1,16,1,256
3,final_left,f32,1024,P5,P5,0,0,0,0,2,0,0,0,1,2,2,24,2,8192
3,final_left,f32,1024,P6,P6,0,0,1,0,1,1,0,0,1,2,2,24,1,4096
3,final_left,f32,1024,P7,P7,1,0,1,1,1,0,1,0,1,1,1,16,1,4096
3,final_left,f32,1024,FIXED_TWIN,FIXED_TWIN,0,1,1,1,1,0,1,0,1,1,1,16,1,4096
3,final_left,f32,4096,P5,P5,0,0,0,0,2,0,0,0,1,2,2,24,2,32768
3,final_left,f32,4096,P6,P6,0,0,1,0,1,1,0,0,1,2,2,24,1,16384
3,final_left,f32,4096,P7,P7,1,0,1,1,1,0,1,0,1,1,1,16,1,16384
3,final_left,f32,4096,FIXED_TWIN,FIXED_TWIN,0,1,1,1,1,0,1,0,1,1,1,16,1,16384
3,final_left,f32,16384,P5,P5,0,0,0,0,2,0,0,0,1,2,2,24,2,131072
3,final_left,f32,16384,P6,P6,0,0,1,0,1,1,0,0,1,2,2,24,1,65536
3,final_left,f32,16384,P7,P7,1,0,1,1,1,0,1,0,1,1,1,16,1,65536
3,final_left,f32,16384,FIXED_TWIN,FIXED_TWIN,0,1,1,1,1,0,1,0,1,1,1,16,1,65536
3,final_left,f32,65536,P5,P5,0,0,0,0,2,0,0,0,1,2,2,24,2,524288
3,final_left,f32,65536,P6,P6,0,0,1,0,1,1,0,0,1,2,2,24,1,262144
3,final_left,f32,65536,P7,P7,1,0,1,1,1,0,1,0,1,1,1,16,1,262144
3,final_left,f32,65536,FIXED_TWIN,FIXED_TWIN,0,1,1,1,1,0,1,0,1,1,1,16,1,262144
3,final_left,f32,262144,P5,P5,0,0,0,0,2,0,0,0,1,2,2,24,2,2097152
3,final_left,f32,262144,P6,P6,0,0,1,0,1,1,0,0,1,2,2,24,1,1048576
3,final_left,f32,262144,P7,P7,1,0,1,1,1,0,1,0,1,1,1,16,1,1048576
3,final_left,f32,262144,FIXED_TWIN,FIXED_TWIN,0,1,1,1,1,0,1,0,1,1,1,16,1,1048576
3,final_left,f32,1048576,P5,P5,0,0,0,0,2,0,0,0,1,2,2,24,2,8388608
3,final_left,f32,1048576,P6,P6,0,0,1,0,1,1,0,0,1,2,2,24,1,4194304
3,final_left,f32,1048576,P7,P7,1,0,1,1,1,0,1,0,1,1,1,16,1,4194304
3,final_left,f32,1048576,FIXED_TWIN,FIXED_TWIN,0,1,1,1,1,0,1,0,1,1,1,16,1,4194304
3,final_left,f32,4194304,P5,P5,0,0,0,0,2,0,0,0,1,2,2,24,2,33554432
3,final_left,f32,4194304,P6,P6,0,0,1,0,1,1,0,0,1,2,2,24,1,16777216
3,final_left,f32,4194304,P7,P7,1,0,1,1,1,0,1,0,1,1,1,16,1,16777216
3,final_left,f32,4194304,FIXED_TWIN,FIXED_TWIN,0,1,1,1,1,0,1,0,1,1,1,16,1,16777216
3,final_left,f32,16777216,P5,P5,0,0,0,0,2,0,0,0,1,2,2,24,2,134217728
3,final_left,f32,16777216,P6,P6,0,0,1,0,1,1,0,0,1,2,2,24,1,67108864
3,final_left,f32,16777216,P7,P7,1,0,1,1,1,0,1,0,1,1,1,16,1,67108864
3,final_left,f32,16777216,FIXED_TWIN,FIXED_TWIN,0,1,1,1,1,0,1,0,1,1,1,16,1,67108864
3,final_left,f32,67108864,P5,P5,0,0,0,0,2,0,0,0,1,2,2,24,2,536870912
3,final_left,f32,67108864,P6,P6,0,0,1,0,1,1,0,0,1,2,2,24,1,268435456
3,final_left,f32,67108864,P7,P7,1,0,1,1,1,0,1,0,1,1,1,16,1,268435456
3,final_left,f32,67108864,FIXED_TWIN,FIXED_TWIN,0,1,1,1,1,0,1,0,1,1,1,16,1,268435456
3,final_right,f32,64,P5,P5,0,0,0,0,2,0,0,0,1,2,2,24,2,512
3,final_right,f32,64,P6,P6,0,0,1,0,1,1,0,0,1,2,2,24,1,256
3,final_right,f32,64,P7,P7,1,0,1,1,1,0,1,0,1,1,1,16,1,256
3,final_right,f32,64,FIXED_TWIN,FIXED_TWIN,0,1,1,1,1,0,1,0,1,1,1,16,1,256
3,final_right,f32,1024,P5,P5,0,0,0,0,2,0,0,0,1,2,2,24,2,8192
3,final_right,f32,1024,P6,P6,0,0,1,0,1,1,0,0,1,2,2,24,1,4096
3,final_right,f32,1024,P7,P7,1,0,1,1,1,0,1,0,1,1,1,16,1,4096
3,final_right,f32,1024,FIXED_TWIN,FIXED_TWIN,0,1,1,1,1,0,1,0,1,1,1,16,1,4096
3,final_right,f32,4096,P5,P5,0,0,0,0,2,0,0,0,1,2,2,24,2,32768
3,final_right,f32,4096,P6,P6,0,0,1,0,1,1,0,0,1,2,2,24,1,16384
3,final_right,f32,4096,P7,P7,1,0,1,1,1,0,1,0,1,1,1,16,1,16384
3,final_right,f32,4096,FIXED_TWIN,FIXED_TWIN,0,1,1,1,1,0,1,0,1,1,1,16,1,16384
3,final_right,f32,16384,P5,P5,0,0,0,0,2,0,0,0,1,2,2,24,2,131072
3,final_right,f32,16384,P6,P6,0,0,1,0,1,1,0,0,1,2,2,24,1,65536
3,final_right,f32,16384,P7,P7,1,0,1,1,1,0,1,0,1,1,1,16,1,65536
3,final_right,f32,16384,FIXED_TWIN,FIXED_TWIN,0,1,1,1,1,0,1,0,1,1,1,16,1,65536
3,final_right,f32,65536,P5,P5,0,0,0,0,2,0,0,0,1,2,2,24,2,524288
3,final_right,f32,65536,P6,P6,0,0,1,0,1,1,0,0,1,2,2,24,1,262144
3,final_right,f32,65536,P7,P7,1,0,1,1,1,0,1,0,1,1,1,16,1,262144
3,final_right,f32,65536,FIXED_TWIN,FIXED_TWIN,0,1,1,1,1,0,1,0,1,1,1,16,1,262144
3,final_right,f32,262144,P5,P5,0,0,0,0,2,0,0,0,1,2,2,24,2,2097152
3,final_right,f32,262144,P6,P6,0,0,1,0,1,1,0,0,1,2,2,24,1,1048576
3,final_right,f32,262144,P7,P7,1,0,1,1,1,0,1,0,1,1,1,16,1,1048576
3,final_right,f32,262144,FIXED_TWIN,FIXED_TWIN,0,1,1,1,1,0,1,0,1,1,1,16,1,1048576
3,final_right,f32,1048576,P5,P5,0,0,0,0,2,0,0,0,1,2,2,24,2,8388608
3,final_right,f32,1048576,P6,P6,0,0,1,0,1,1,0,0,1,2,2,24,1,4194304
3,final_right,f32,1048576,P7,P7,1,0,1,1,1,0,1,0,1,1,1,16,1,4194304
3,final_right,f32,1048576,FIXED_TWIN,FIXED_TWIN,0,1,1,1,1,0,1,0,1,1,1,16,1,4194304
3,final_right,f32,4194304,P5,P5,0,0,0,0,2,0,0,0,1,2,2,24,2,33554432
3,final_right,f32,4194304,P6,P6,0,0,1,0,1,1,0,0,1,2,2,24,1,16777216
3,final_right,f32,4194304,P7,P7,1,0,1,1,1,0,1,0,1,1,1,16,1,16777216
3,final_right,f32,4194304,FIXED_TWIN,FIXED_TWIN,0,1,1,1,1,0,1,0,1,1,1,16,1,16777216
3,final_right,f32,16777216,P5,P5,0,0,0,0,2,0,0,0,1,2,2,24,2,134217728
3,final_right,f32,16777216,P6,P6,0,0,1,0,1,1,0,0,1,2,2,24,1,67108864
3,final_right,f32,16777216,P7,P7,1,0,1,1,1,0,1,0,1,1,1,16,1,67108864
3,final_right,f32,16777216,FIXED_TWIN,FIXED_TWIN,0,1,1,1,1,0,1,0,1,1,1,16,1,67108864
3,inter_out,f32,64,P5,P5,0,0,0,0,2,0,0,1,1,2,3,32,3,768
3,inter_out,f32,64,P6,P6=P7,1,0,1,0,1,1,0,1,1,2,3,32,2,512
3,inter_out,f32,64,FIXED_TWIN,FIXED_TWIN,0,1,1,0,1,1,0,1,1,2,3,32,2,512
3,inter_out,f32,1024,P5,P5,0,0,0,0,2,0,0,1,1,2,3,32,3,12288
3,inter_out,f32,1024,P6,P6=P7,1,0,1,0,1,1,0,1,1,2,3,32,2,8192
3,inter_out,f32,1024,FIXED_TWIN,FIXED_TWIN,0,1,1,0,1,1,0,1,1,2,3,32,2,8192
3,inter_out,f32,4096,P5,P5,0,0,0,0,2,0,0,1,1,2,3,32,3,49152
3,inter_out,f32,4096,P6,P6=P7,1,0,1,0,1,1,0,1,1,2,3,32,2,32768
3,inter_out,f32,4096,FIXED_TWIN,FIXED_TWIN,0,1,1,0,1,1,0,1,1,2,3,32,2,32768
3,inter_out,f32,16384,P5,P5,0,0,0,0,2,0,0,1,1,2,3,32,3,196608
3,inter_out,f32,16384,P6,P6=P7,1,0,1,0,1,1,0,1,1,2,3,32,2,131072
3,inter_out,f32,16384,FIXED_TWIN,FIXED_TWIN,0,1,1,0,1,1,0,1,1,2,3,32,2,131072
3,inter_out,f32,65536,P5,P5,0,0,0,0,2,0,0,1,1,2,3,32,3,786432
3,inter_out,f32,65536,P6,P6=P7,1,0,1,0,1,1,0,1,1,2,3,32,2,524288
3,inter_out,f32,65536,FIXED_TWIN,FIXED_TWIN,0,1,1,0,1,1,0,1,1,2,3,32,2,524288
3,inter_out,f32,262144,P5,P5,0,0,0,0,2,0,0,1,1,2,3,32,3,3145728
3,inter_out,f32,262144,P6,P6=P7,1,0,1,0,1,1,0,1,1,2,3,32,2,2097152
3,inter_out,f32,262144,FIXED_TWIN,FIXED_TWIN,0,1,1,0,1,1,0,1,1,2,3,32,2,2097152
3,inter_out,f32,1048576,P5,P5,0,0,0,0,2,0,0,1,1,2,3,32,3,12582912
3,inter_out,f32,1048576,P6,P6=P7,1,0,1,0,1,1,0,1,1,2,3,32,2,8388608
3,inter_out,f32,1048576,FIXED_TWIN,FIXED_TWIN,0,1,1,0,1,1,0,1,1,2,3,32,2,8388608
3,inter_out,f32,4194304,P5,P5,0,0,0,0,2,0,0,1,1,2,3,32,3,50331648
3,inter_out,f32,4194304,P6,P6=P7,1,0,1,0,1,1,0,1,1,2,3,32,2,33554432
3,inter_out,f32,4194304,FIXED_TWIN,FIXED_TWIN,0,1,1,0,1,1,0,1,1,2,3,32,2,33554432
3,inter_out,f32,16777216,P5,P5,0,0,0,0,2,0,0,1,1,2,3,32,3,201326592
3,inter_out,f32,16777216,P6,P6=P7,1,0,1,0,1,1,0,1,1,2,3,32,2,134217728
3,inter_out,f32,16777216,FIXED_TWIN,FIXED_TWIN,0,1,1,0,1,1,0,1,1,2,3,32,2,134217728
3,after_use,f32,64,P5,P5=P6=P7,1,0,0,0,2,0,0,0,2,2,2,24,2,512
3,after_use,f32,64,FIXED_TWIN,FIXED_TWIN,0,1,0,0,2,0,0,0,2,2,2,24,2,512
3,after_use,f32,1024,P5,P5=P6=P7,1,0,0,0,2,0,0,0,2,2,2,24,2,8192
3,after_use,f32,1024,FIXED_TWIN,FIXED_TWIN,0,1,0,0,2,0,0,0,2,2,2,24,2,8192
3,after_use,f32,4096,P5,P5=P6=P7,1,0,0,0,2,0,0,0,2,2,2,24,2,32768
3,after_use,f32,4096,FIXED_TWIN,FIXED_TWIN,0,1,0,0,2,0,0,0,2,2,2,24,2,32768
3,after_use,f32,16384,P5,P5=P6=P7,1,0,0,0,2,0,0,0,2,2,2,24,2,131072
3,after_use,f32,16384,FIXED_TWIN,FIXED_TWIN,0,1,0,0,2,0,0,0,2,2,2,24,2,131072
3,after_use,f32,65536,P5,P5=P6=P7,1,0,0,0,2,0,0,0,2,2,2,24,2,524288
3,after_use,f32,65536,FIXED_TWIN,FIXED_TWIN,0,1,0,0,2,0,0,0,2,2,2,24,2,524288
3,after_use,f32,262144,P5,P5=P6=P7,1,0,0,0,2,0,0,0,2,2,2,24,2,2097152
3,after_use,f32,262144,FIXED_TWIN,FIXED_TWIN,0,1,0,0,2,0,0,0,2,2,2,24,2,2097152
3,after_use,f32,1048576,P5,P5=P6=P7,1,0,0,0,2,0,0,0,2,2,2,24,2,8388608
3,after_use,f32,1048576,FIXED_TWIN,FIXED_TWIN,0,1,0,0,2,0,0,0,2,2,2,24,2,8388608
3,after_use,f32,4194304,P5,P5=P6=P7,1,0,0,0,2,0,0,0,2,2,2,24,2,33554432
3,after_use,f32,4194304,FIXED_TWIN,FIXED_TWIN,0,1,0,0,2,0,0,0,2,2,2,24,2,33554432
3,after_use,f32,16777216,P5,P5=P6=P7,1,0,0,0,2,0,0,0,2,2,2,24,2,134217728
3,after_use,f32,16777216,FIXED_TWIN,FIXED_TWIN,0,1,0,0,2,0,0,0,2,2,2,24,2,134217728
3,chain3,f32,64,P5,P5,0,0,0,0,3,0,0,0,1,3,3,36,3,768
3,chain3,f32,64,P6,P6,0,0,1,0,1,2,0,0,1,3,3,36,1,256
3,chain3,f32,64,P7,P7,1,0,1,1,1,1,1,0,1,2,2,28,1,256
3,chain3,f32,64,FIXED_TWIN,FIXED_TWIN,0,1,1,1,1,1,1,0,1,2,2,28,1,256
3,chain3,f32,1024,P5,P5,0,0,0,0,3,0,0,0,1,3,3,36,3,12288
3,chain3,f32,1024,P6,P6,0,0,1,0,1,2,0,0,1,3,3,36,1,4096
3,chain3,f32,1024,P7,P7,1,0,1,1,1,1,1,0,1,2,2,28,1,4096
3,chain3,f32,1024,FIXED_TWIN,FIXED_TWIN,0,1,1,1,1,1,1,0,1,2,2,28,1,4096
3,chain3,f32,4096,P5,P5,0,0,0,0,3,0,0,0,1,3,3,36,3,49152
3,chain3,f32,4096,P6,P6,0,0,1,0,1,2,0,0,1,3,3,36,1,16384
3,chain3,f32,4096,P7,P7,1,0,1,1,1,1,1,0,1,2,2,28,1,16384
3,chain3,f32,4096,FIXED_TWIN,FIXED_TWIN,0,1,1,1,1,1,1,0,1,2,2,28,1,16384
3,chain3,f32,16384,P5,P5,0,0,0,0,3,0,0,0,1,3,3,36,3,196608
3,chain3,f32,16384,P6,P6,0,0,1,0,1,2,0,0,1,3,3,36,1,65536
3,chain3,f32,16384,P7,P7,1,0,1,1,1,1,1,0,1,2,2,28,1,65536
3,chain3,f32,16384,FIXED_TWIN,FIXED_TWIN,0,1,1,1,1,1,1,0,1,2,2,28,1,65536
3,chain3,f32,65536,P5,P5,0,0,0,0,3,0,0,0,1,3,3,36,3,786432
3,chain3,f32,65536,P6,P6,0,0,1,0,1,2,0,0,1,3,3,36,1,262144
3,chain3,f32,65536,P7,P7,1,0,1,1,1,1,1,0,1,2,2,28,1,262144
3,chain3,f32,65536,FIXED_TWIN,FIXED_TWIN,0,1,1,1,1,1,1,0,1,2,2,28,1,262144
3,chain3,f32,262144,P5,P5,0,0,0,0,3,0,0,0,1,3,3,36,3,3145728
3,chain3,f32,262144,P6,P6,0,0,1,0,1,2,0,0,1,3,3,36,1,1048576
3,chain3,f32,262144,P7,P7,1,0,1,1,1,1,1,0,1,2,2,28,1,1048576
3,chain3,f32,262144,FIXED_TWIN,FIXED_TWIN,0,1,1,1,1,1,1,0,1,2,2,28,1,1048576
3,chain3,f32,1048576,P5,P5,0,0,0,0,3,0,0,0,1,3,3,36,3,12582912
3,chain3,f32,1048576,P6,P6,0,0,1,0,1,2,0,0,1,3,3,36,1,4194304
3,chain3,f32,1048576,P7,P7,1,0,1,1,1,1,1,0,1,2,2,28,1,4194304
3,chain3,f32,1048576,FIXED_TWIN,FIXED_TWIN,0,1,1,1,1,1,1,0,1,2,2,28,1,4194304
3,chain3,f32,4194304,P5,P5,0,0,0,0,3,0,0,0,1,3,3,36,3,50331648
3,chain3,f32,4194304,P6,P6,0,0,1,0,1,2,0,0,1,3,3,36,1,16777216
3,chain3,f32,4194304,P7,P7,1,0,1,1,1,1,1,0,1,2,2,28,1,16777216
3,chain3,f32,4194304,FIXED_TWIN,FIXED_TWIN,0,1,1,1,1,1,1,0,1,2,2,28,1,16777216
3,chain3,f32,16777216,P5,P5,0,0,0,0,3,0,0,0,1,3,3,36,3,201326592
3,chain3,f32,16777216,P6,P6,0,0,1,0,1,2,0,0,1,3,3,36,1,67108864
3,chain3,f32,16777216,P7,P7,1,0,1,1,1,1,1,0,1,2,2,28,1,67108864
3,chain3,f32,16777216,FIXED_TWIN,FIXED_TWIN,0,1,1,1,1,1,1,0,1,2,2,28,1,67108864
3,chain3,f32,67108864,P5,P5,0,0,0,0,3,0,0,0,1,3,3,36,3,805306368
3,chain3,f32,67108864,P6,P6,0,0,1,0,1,2,0,0,1,3,3,36,1,268435456
3,chain3,f32,67108864,P7,P7,1,0,1,1,1,1,1,0,1,2,2,28,1,268435456
3,chain3,f32,67108864,FIXED_TWIN,FIXED_TWIN,0,1,1,1,1,1,1,0,1,2,2,28,1,268435456
3,chain4,f32,64,P5,P5,0,0,0,0,4,0,0,0,1,4,4,48,4,1024
3,chain4,f32,64,P6,P6,0,0,1,0,1,3,0,0,1,4,4,48,1,256
3,chain4,f32,64,P7,P7,1,0,1,1,1,2,1,0,1,3,3,40,1,256
3,chain4,f32,64,FIXED_TWIN,FIXED_TWIN,0,1,1,1,1,2,1,0,1,3,3,40,1,256
3,chain4,f32,1024,P5,P5,0,0,0,0,4,0,0,0,1,4,4,48,4,16384
3,chain4,f32,1024,P6,P6,0,0,1,0,1,3,0,0,1,4,4,48,1,4096
3,chain4,f32,1024,P7,P7,1,0,1,1,1,2,1,0,1,3,3,40,1,4096
3,chain4,f32,1024,FIXED_TWIN,FIXED_TWIN,0,1,1,1,1,2,1,0,1,3,3,40,1,4096
3,chain4,f32,4096,P5,P5,0,0,0,0,4,0,0,0,1,4,4,48,4,65536
3,chain4,f32,4096,P6,P6,0,0,1,0,1,3,0,0,1,4,4,48,1,16384
3,chain4,f32,4096,P7,P7,1,0,1,1,1,2,1,0,1,3,3,40,1,16384
3,chain4,f32,4096,FIXED_TWIN,FIXED_TWIN,0,1,1,1,1,2,1,0,1,3,3,40,1,16384
3,chain4,f32,16384,P5,P5,0,0,0,0,4,0,0,0,1,4,4,48,4,262144
3,chain4,f32,16384,P6,P6,0,0,1,0,1,3,0,0,1,4,4,48,1,65536
3,chain4,f32,16384,P7,P7,1,0,1,1,1,2,1,0,1,3,3,40,1,65536
3,chain4,f32,16384,FIXED_TWIN,FIXED_TWIN,0,1,1,1,1,2,1,0,1,3,3,40,1,65536
3,chain4,f32,65536,P5,P5,0,0,0,0,4,0,0,0,1,4,4,48,4,1048576
3,chain4,f32,65536,P6,P6,0,0,1,0,1,3,0,0,1,4,4,48,1,262144
3,chain4,f32,65536,P7,P7,1,0,1,1,1,2,1,0,1,3,3,40,1,262144
3,chain4,f32,65536,FIXED_TWIN,FIXED_TWIN,0,1,1,1,1,2,1,0,1,3,3,40,1,262144
3,chain4,f32,262144,P5,P5,0,0,0,0,4,0,0,0,1,4,4,48,4,4194304
3,chain4,f32,262144,P6,P6,0,0,1,0,1,3,0,0,1,4,4,48,1,1048576
3,chain4,f32,262144,P7,P7,1,0,1,1,1,2,1,0,1,3,3,40,1,1048576
3,chain4,f32,262144,FIXED_TWIN,FIXED_TWIN,0,1,1,1,1,2,1,0,1,3,3,40,1,1048576
3,chain4,f32,1048576,P5,P5,0,0,0,0,4,0,0,0,1,4,4,48,4,16777216
3,chain4,f32,1048576,P6,P6,0,0,1,0,1,3,0,0,1,4,4,48,1,4194304
3,chain4,f32,1048576,P7,P7,1,0,1,1,1,2,1,0,1,3,3,40,1,4194304
3,chain4,f32,1048576,FIXED_TWIN,FIXED_TWIN,0,1,1,1,1,2,1,0,1,3,3,40,1,4194304
3,chain4,f32,4194304,P5,P5,0,0,0,0,4,0,0,0,1,4,4,48,4,67108864
3,chain4,f32,4194304,P6,P6,0,0,1,0,1,3,0,0,1,4,4,48,1,16777216
3,chain4,f32,4194304,P7,P7,1,0,1,1,1,2,1,0,1,3,3,40,1,16777216
3,chain4,f32,4194304,FIXED_TWIN,FIXED_TWIN,0,1,1,1,1,2,1,0,1,3,3,40,1,16777216
3,chain4,f32,16777216,P5,P5,0,0,0,0,4,0,0,0,1,4,4,48,4,268435456
3,chain4,f32,16777216,P6,P6,0,0,1,0,1,3,0,0,1,4,4,48,1,67108864
3,chain4,f32,16777216,P7,P7,1,0,1,1,1,2,1,0,1,3,3,40,1,67108864
3,chain4,f32,16777216,FIXED_TWIN,FIXED_TWIN,0,1,1,1,1,2,1,0,1,3,3,40,1,67108864
3,final_left_i32,i32,64,P5,P5,0,0,0,0,2,0,0,0,1,2,2,24,2,512
3,final_left_i32,i32,64,P6,P6,0,0,1,0,1,1,0,0,1,2,2,24,1,256
3,final_left_i32,i32,64,P7,P7,1,0,1,1,1,0,1,0,1,1,1,16,1,256
3,final_left_i32,i32,64,FIXED_TWIN,FIXED_TWIN,0,1,1,1,1,0,1,0,1,1,1,16,1,256
3,final_left_i32,i32,1024,P5,P5,0,0,0,0,2,0,0,0,1,2,2,24,2,8192
3,final_left_i32,i32,1024,P6,P6,0,0,1,0,1,1,0,0,1,2,2,24,1,4096
3,final_left_i32,i32,1024,P7,P7,1,0,1,1,1,0,1,0,1,1,1,16,1,4096
3,final_left_i32,i32,1024,FIXED_TWIN,FIXED_TWIN,0,1,1,1,1,0,1,0,1,1,1,16,1,4096
3,final_left_i32,i32,4096,P5,P5,0,0,0,0,2,0,0,0,1,2,2,24,2,32768
3,final_left_i32,i32,4096,P6,P6,0,0,1,0,1,1,0,0,1,2,2,24,1,16384
3,final_left_i32,i32,4096,P7,P7,1,0,1,1,1,0,1,0,1,1,1,16,1,16384
3,final_left_i32,i32,4096,FIXED_TWIN,FIXED_TWIN,0,1,1,1,1,0,1,0,1,1,1,16,1,16384
3,final_left_i32,i32,16384,P5,P5,0,0,0,0,2,0,0,0,1,2,2,24,2,131072
3,final_left_i32,i32,16384,P6,P6,0,0,1,0,1,1,0,0,1,2,2,24,1,65536
3,final_left_i32,i32,16384,P7,P7,1,0,1,1,1,0,1,0,1,1,1,16,1,65536
3,final_left_i32,i32,16384,FIXED_TWIN,FIXED_TWIN,0,1,1,1,1,0,1,0,1,1,1,16,1,65536
3,final_left_i32,i32,65536,P5,P5,0,0,0,0,2,0,0,0,1,2,2,24,2,524288
3,final_left_i32,i32,65536,P6,P6,0,0,1,0,1,1,0,0,1,2,2,24,1,262144
3,final_left_i32,i32,65536,P7,P7,1,0,1,1,1,0,1,0,1,1,1,16,1,262144
3,final_left_i32,i32,65536,FIXED_TWIN,FIXED_TWIN,0,1,1,1,1,0,1,0,1,1,1,16,1,262144
3,final_left_i32,i32,262144,P5,P5,0,0,0,0,2,0,0,0,1,2,2,24,2,2097152
3,final_left_i32,i32,262144,P6,P6,0,0,1,0,1,1,0,0,1,2,2,24,1,1048576
3,final_left_i32,i32,262144,P7,P7,1,0,1,1,1,0,1,0,1,1,1,16,1,1048576
3,final_left_i32,i32,262144,FIXED_TWIN,FIXED_TWIN,0,1,1,1,1,0,1,0,1,1,1,16,1,1048576
3,final_left_i32,i32,1048576,P5,P5,0,0,0,0,2,0,0,0,1,2,2,24,2,8388608
3,final_left_i32,i32,1048576,P6,P6,0,0,1,0,1,1,0,0,1,2,2,24,1,4194304
3,final_left_i32,i32,1048576,P7,P7,1,0,1,1,1,0,1,0,1,1,1,16,1,4194304
3,final_left_i32,i32,1048576,FIXED_TWIN,FIXED_TWIN,0,1,1,1,1,0,1,0,1,1,1,16,1,4194304
3,final_left_i32,i32,4194304,P5,P5,0,0,0,0,2,0,0,0,1,2,2,24,2,33554432
3,final_left_i32,i32,4194304,P6,P6,0,0,1,0,1,1,0,0,1,2,2,24,1,16777216
3,final_left_i32,i32,4194304,P7,P7,1,0,1,1,1,0,1,0,1,1,1,16,1,16777216
3,final_left_i32,i32,4194304,FIXED_TWIN,FIXED_TWIN,0,1,1,1,1,0,1,0,1,1,1,16,1,16777216
3,final_left_i32,i32,16777216,P5,P5,0,0,0,0,2,0,0,0,1,2,2,24,2,134217728
3,final_left_i32,i32,16777216,P6,P6,0,0,1,0,1,1,0,0,1,2,2,24,1,67108864
3,final_left_i32,i32,16777216,P7,P7,1,0,1,1,1,0,1,0,1,1,1,16,1,67108864
3,final_left_i32,i32,16777216,FIXED_TWIN,FIXED_TWIN,0,1,1,1,1,0,1,0,1,1,1,16,1,67108864
3,chain3_i32,i32,64,P5,P5,0,0,0,0,3,0,0,0,1,3,3,36,3,768
3,chain3_i32,i32,64,P6,P6,0,0,1,0,1,2,0,0,1,3,3,36,1,256
3,chain3_i32,i32,64,P7,P7,1,0,1,1,1,1,1,0,1,2,2,28,1,256
3,chain3_i32,i32,64,FIXED_TWIN,FIXED_TWIN,0,1,1,1,1,1,1,0,1,2,2,28,1,256
3,chain3_i32,i32,1024,P5,P5,0,0,0,0,3,0,0,0,1,3,3,36,3,12288
3,chain3_i32,i32,1024,P6,P6,0,0,1,0,1,2,0,0,1,3,3,36,1,4096
3,chain3_i32,i32,1024,P7,P7,1,0,1,1,1,1,1,0,1,2,2,28,1,4096
3,chain3_i32,i32,1024,FIXED_TWIN,FIXED_TWIN,0,1,1,1,1,1,1,0,1,2,2,28,1,4096
3,chain3_i32,i32,4096,P5,P5,0,0,0,0,3,0,0,0,1,3,3,36,3,49152
3,chain3_i32,i32,4096,P6,P6,0,0,1,0,1,2,0,0,1,3,3,36,1,16384
3,chain3_i32,i32,4096,P7,P7,1,0,1,1,1,1,1,0,1,2,2,28,1,16384
3,chain3_i32,i32,4096,FIXED_TWIN,FIXED_TWIN,0,1,1,1,1,1,1,0,1,2,2,28,1,16384
3,chain3_i32,i32,16384,P5,P5,0,0,0,0,3,0,0,0,1,3,3,36,3,196608
3,chain3_i32,i32,16384,P6,P6,0,0,1,0,1,2,0,0,1,3,3,36,1,65536
3,chain3_i32,i32,16384,P7,P7,1,0,1,1,1,1,1,0,1,2,2,28,1,65536
3,chain3_i32,i32,16384,FIXED_TWIN,FIXED_TWIN,0,1,1,1,1,1,1,0,1,2,2,28,1,65536
3,chain3_i32,i32,65536,P5,P5,0,0,0,0,3,0,0,0,1,3,3,36,3,786432
3,chain3_i32,i32,65536,P6,P6,0,0,1,0,1,2,0,0,1,3,3,36,1,262144
3,chain3_i32,i32,65536,P7,P7,1,0,1,1,1,1,1,0,1,2,2,28,1,262144
3,chain3_i32,i32,65536,FIXED_TWIN,FIXED_TWIN,0,1,1,1,1,1,1,0,1,2,2,28,1,262144
3,chain3_i32,i32,262144,P5,P5,0,0,0,0,3,0,0,0,1,3,3,36,3,3145728
3,chain3_i32,i32,262144,P6,P6,0,0,1,0,1,2,0,0,1,3,3,36,1,1048576
3,chain3_i32,i32,262144,P7,P7,1,0,1,1,1,1,1,0,1,2,2,28,1,1048576
3,chain3_i32,i32,262144,FIXED_TWIN,FIXED_TWIN,0,1,1,1,1,1,1,0,1,2,2,28,1,1048576
3,chain3_i32,i32,1048576,P5,P5,0,0,0,0,3,0,0,0,1,3,3,36,3,12582912
3,chain3_i32,i32,1048576,P6,P6,0,0,1,0,1,2,0,0,1,3,3,36,1,4194304
3,chain3_i32,i32,1048576,P7,P7,1,0,1,1,1,1,1,0,1,2,2,28,1,4194304
3,chain3_i32,i32,1048576,FIXED_TWIN,FIXED_TWIN,0,1,1,1,1,1,1,0,1,2,2,28,1,4194304
3,chain3_i32,i32,4194304,P5,P5,0,0,0,0,3,0,0,0,1,3,3,36,3,50331648
3,chain3_i32,i32,4194304,P6,P6,0,0,1,0,1,2,0,0,1,3,3,36,1,16777216
3,chain3_i32,i32,4194304,P7,P7,1,0,1,1,1,1,1,0,1,2,2,28,1,16777216
3,chain3_i32,i32,4194304,FIXED_TWIN,FIXED_TWIN,0,1,1,1,1,1,1,0,1,2,2,28,1,16777216
3,chain3_i32,i32,16777216,P5,P5,0,0,0,0,3,0,0,0,1,3,3,36,3,201326592
3,chain3_i32,i32,16777216,P6,P6,0,0,1,0,1,2,0,0,1,3,3,36,1,67108864
3,chain3_i32,i32,16777216,P7,P7,1,0,1,1,1,1,1,0,1,2,2,28,1,67108864
3,chain3_i32,i32,16777216,FIXED_TWIN,FIXED_TWIN,0,1,1,1,1,1,1,0,1,2,2,28,1,67108864
