dtype,k,n,regime,med_M_ns,med_R_ns,med_TWIN_ns,M_over_R,winner,decisive,byte_model,S3_choice,S3_regret,S1a_regret,S1b_regret,S2_regret,units
f32,1,64,arena_warm,332.6,360.1,334.0,0.9238,M,M,R,R,1.0825,1.0825,1.0825,1.0825,45
f32,1,64,arena_cold,421.1,443.6,425.5,0.9492,M,M,R,R,1.0535,1.0535,1.0535,1.0535,45
f32,1,64,glibc_default_fresh,341.7,382.1,355.4,0.8943,M,M,R,R,1.1182,1.1182,1.1182,1.1182,45
f32,1,1024,arena_warm,553.9,554.5,557.8,0.9990,M,,R,R,1.0010,1.0010,1.0010,1.0010,45
f32,1,1024,arena_cold,1766.5,1750.8,1763.8,1.0089,R,,R,R,1.0000,1.0000,1.0000,1.0000,45
f32,1,1024,glibc_default_fresh,613.4,599.2,609.8,1.0236,R,,R,R,1.0000,1.0000,1.0000,1.0000,45
f32,1,4096,arena_warm,1399.0,1301.0,1404.0,1.0753,R,R,R,R,1.0000,1.0000,1.0000,1.0000,45
f32,1,4096,arena_cold,7119.0,6984.0,7110.0,1.0193,R,,R,R,1.0000,1.0000,1.0000,1.0000,45
f32,1,4096,glibc_default_fresh,1493.0,1349.0,1494.0,1.1067,R,R,R,R,1.0000,1.0000,1.0000,1.0000,45
f32,1,16384,arena_warm,4643.0,3960.0,4645.0,1.1725,R,R,R,R,1.0000,1.0000,1.0000,1.0000,45
f32,1,16384,arena_cold,23653.0,20876.0,23951.0,1.1330,R,,R,R,1.0000,1.0000,1.0000,1.0000,45
f32,1,16384,glibc_default_fresh,4710.0,4106.0,4678.0,1.1471,R,R,R,R,1.0000,1.0000,1.0000,1.0000,45
f32,1,65536,arena_warm,16964.0,14449.0,17057.0,1.1741,R,R,R,R,1.0000,1.0000,1.0000,1.0000,45
f32,1,65536,arena_cold,80908.0,77593.0,80596.0,1.0427,R,R,R,R,1.0000,1.0000,1.0000,1.0000,45
f32,1,65536,glibc_default_fresh,17062.0,14622.0,16951.0,1.1669,R,R,R,R,1.0000,1.0000,1.0000,1.0000,45
f32,1,262144,arena_warm,179918.0,154100.0,181916.0,1.1675,R,R,R,R,1.0000,1.0000,1.0000,1.0000,45
f32,1,262144,arena_cold,408278.0,384363.0,411201.0,1.0622,R,R,R,R,1.0000,1.0000,1.0000,1.0000,45
f32,1,262144,glibc_default_fresh,179260.0,149627.0,182388.0,1.1980,R,R,R,R,1.0000,1.0000,1.0000,1.0000,45
f32,1,1048576,arena_warm,814001.0,628397.0,814938.0,1.2954,R,R,R,R,1.0000,1.0000,1.0000,1.0000,45
f32,1,1048576,arena_cold,1772617.0,1619533.0,1766265.0,1.0945,R,R,R,R,1.0000,1.0000,1.0000,1.0000,45
f32,1,1048576,glibc_default_fresh,799729.0,628983.0,800357.0,1.2715,R,R,R,R,1.0000,1.0000,1.0000,1.0000,45
f32,1,4194304,arena_warm,3362673.0,2657043.0,3377111.0,1.2656,R,R,R,R,1.0000,1.0000,1.0000,1.0000,45
f32,1,4194304,arena_cold,7790216.0,7088707.0,7915358.0,1.0990,R,R,R,R,1.0000,1.0000,1.0000,1.0000,45
f32,1,4194304,glibc_default_fresh,3374864.0,2674863.0,3353798.0,1.2617,R,R,R,R,1.0000,1.0000,1.0000,1.0000,45
f32,1,16777216,arena_warm,25626667.0,19535724.0,25940210.0,1.3118,R,R,R,R,1.0000,1.0000,1.0000,1.0000,45
f32,1,16777216,arena_cold,47820051.0,41112384.0,47775044.0,1.1632,R,R,R,R,1.0000,1.0000,1.0000,1.0000,45
f32,1,16777216,glibc_default_fresh,46957398.0,40768503.0,47297148.0,1.1518,R,R,R,R,1.0000,1.0000,1.0000,1.0000,45
f32,2,64,arena_warm,451.0,478.6,454.3,0.9424,M,M,R,M,1.0000,1.0611,1.0611,1.0000,45
f32,2,64,arena_cold,629.4,658.9,618.9,0.9552,M,,R,M,1.0000,1.0469,1.0469,1.0000,45
f32,2,64,glibc_default_fresh,554.9,591.2,554.8,0.9385,M,M,R,M,1.0000,1.0655,1.0655,1.0000,45
f32,2,1024,arena_warm,854.3,864.8,856.4,0.9879,M,,R,M,1.0000,1.0123,1.0123,1.0000,45
f32,2,1024,arena_cold,3198.3,3236.4,3189.6,0.9882,M,,R,M,1.0000,1.0119,1.0119,1.0000,45
f32,2,1024,glibc_default_fresh,926.4,933.9,922.4,0.9919,M,,R,M,1.0000,1.0081,1.0081,1.0000,45
f32,2,4096,arena_warm,1998.0,2368.0,2017.0,0.8438,M,M,R,M,1.0000,1.1852,1.1852,1.0000,45
f32,2,4096,arena_cold,11680.0,11912.0,12288.0,0.9805,M,,R,M,1.0000,1.0199,1.0199,1.0000,45
f32,2,4096,glibc_default_fresh,2125.0,2416.0,2116.0,0.8796,M,,R,M,1.0000,1.1369,1.1369,1.0000,45
f32,2,16384,arena_warm,6915.0,7569.0,6905.0,0.9136,M,M,R,M,1.0000,1.0946,1.0946,1.0000,45
f32,2,16384,arena_cold,40532.0,40400.0,40140.0,1.0033,R,,R,M,1.0033,1.0000,1.0000,1.0033,45
f32,2,16384,glibc_default_fresh,6910.0,7683.0,6915.0,0.8994,M,M,R,M,1.0000,1.1119,1.1119,1.0000,45
f32,2,65536,arena_warm,28110.0,29294.0,28160.0,0.9596,M,,R,M,1.0000,1.0421,1.0421,1.0000,45
f32,2,65536,arena_cold,157010.0,155406.0,156620.0,1.0103,R,,R,M,1.0103,1.0000,1.0000,1.0103,45
f32,2,65536,glibc_default_fresh,32020.0,30693.0,32447.0,1.0432,R,,R,M,1.0432,1.0000,1.0000,1.0432,45
f32,2,262144,arena_warm,296513.0,307345.0,291837.0,0.9648,M,,R,M,1.0000,1.0365,1.0365,1.0000,45
f32,2,262144,arena_cold,763041.0,767989.0,758215.0,0.9936,M,,R,M,1.0000,1.0065,1.0065,1.0000,45
f32,2,262144,glibc_default_fresh,304168.0,312322.0,302565.0,0.9739,M,,R,M,1.0000,1.0268,1.0268,1.0000,45
f32,2,1048576,arena_warm,1286162.0,1272001.0,1283235.0,1.0111,R,,R,M,1.0111,1.0000,1.0000,1.0111,45
f32,2,1048576,arena_cold,3121304.0,3139074.0,3132045.0,0.9943,M,,R,M,1.0000,1.0057,1.0057,1.0000,45
f32,2,1048576,glibc_default_fresh,1280577.0,1273628.0,1281506.0,1.0055,R,,R,M,1.0055,1.0000,1.0000,1.0055,45
f32,2,4194304,arena_warm,6611799.0,5928692.0,6364382.0,1.1152,R,R,R,M,1.1152,1.0000,1.0000,1.1152,45
f32,2,4194304,arena_cold,17410577.0,17430813.0,17599937.0,0.9988,M,,R,M,1.0000,1.0012,1.0012,1.0000,45
f32,2,4194304,glibc_default_fresh,6494208.0,5973047.0,6376420.0,1.0873,R,R,R,M,1.0873,1.0000,1.0000,1.0873,45
f32,2,16777216,arena_warm,43403707.0,40149416.0,43504002.0,1.0811,R,R,R,M,1.0811,1.0000,1.0000,1.0811,45
f32,2,16777216,arena_cold,84550750.0,83007937.0,84686463.0,1.0186,R,,R,M,1.0186,1.0000,1.0000,1.0186,45
f32,2,16777216,glibc_default_fresh,83033367.0,81935770.0,83249839.0,1.0134,R,,R,M,1.0134,1.0000,1.0000,1.0134,45
f32,3,64,arena_warm,562.8,624.6,561.0,0.9011,M,M,tie,M,1.0000,1.1097,1.0000,1.0000,45
f32,3,64,arena_cold,822.6,889.0,825.4,0.9253,M,M,tie,M,1.0000,1.0807,1.0000,1.0000,45
f32,3,64,glibc_default_fresh,854.9,911.6,855.6,0.9377,M,M,tie,M,1.0000,1.0664,1.0000,1.0000,45
f32,3,1024,arena_warm,1161.2,1198.4,1164.1,0.9689,M,M,tie,M,1.0000,1.0321,1.0000,1.0000,45
f32,3,1024,arena_cold,4597.6,4705.9,4602.6,0.9770,M,,tie,M,1.0000,1.0236,1.0000,1.0000,45
f32,3,1024,glibc_default_fresh,4820.7,4915.9,4870.4,0.9806,M,,tie,M,1.0000,1.0197,1.0000,1.0000,45
f32,3,4096,arena_warm,2608.0,3373.0,2603.0,0.7732,M,M,tie,M,1.0000,1.2933,1.0000,1.0000,45
f32,3,4096,arena_cold,17936.0,16053.0,18142.0,1.1173,R,,tie,M,1.1173,1.0000,1.1173,1.1173,45
f32,3,4096,glibc_default_fresh,2737.0,3461.0,2756.0,0.7908,M,M,tie,M,1.0000,1.2645,1.0000,1.0000,45
f32,3,16384,arena_warm,9099.0,11066.0,9143.0,0.8222,M,M,tie,M,1.0000,1.2162,1.0000,1.0000,45
f32,3,16384,arena_cold,56260.0,57148.0,56588.0,0.9845,M,,tie,M,1.0000,1.0158,1.0000,1.0000,45
f32,3,16384,glibc_default_fresh,9167.0,11331.0,9190.0,0.8090,M,M,tie,M,1.0000,1.2361,1.0000,1.0000,45
f32,3,65536,arena_warm,57591.0,54600.0,56078.0,1.0548,R,R,tie,M,1.0548,1.0000,1.0548,1.0548,45
f32,3,65536,arena_cold,245624.0,254898.0,252412.0,0.9636,M,,tie,M,1.0000,1.0378,1.0000,1.0000,45
f32,3,65536,glibc_default_fresh,52963.0,53590.0,52893.0,0.9883,M,,tie,M,1.0000,1.0118,1.0000,1.0000,45
f32,3,262144,arena_warm,421988.0,484445.0,421063.0,0.8711,M,M,tie,M,1.0000,1.1480,1.0000,1.0000,45
f32,3,262144,arena_cold,1115329.0,1153325.0,1116460.0,0.9671,M,M,tie,M,1.0000,1.0341,1.0000,1.0000,45
f32,3,262144,glibc_default_fresh,433332.0,477059.0,423175.0,0.9083,M,M,tie,M,1.0000,1.1009,1.0000,1.0000,45
f32,3,1048576,arena_warm,1770594.0,1917688.0,1782215.0,0.9233,M,M,tie,M,1.0000,1.0831,1.0000,1.0000,45
f32,3,1048576,arena_cold,4680203.0,4880045.0,4679337.0,0.9590,M,M,tie,M,1.0000,1.0427,1.0000,1.0000,45
f32,3,1048576,glibc_default_fresh,1786063.0,1919548.0,1792378.0,0.9305,M,M,tie,M,1.0000,1.0747,1.0000,1.0000,45
f32,3,4194304,arena_warm,10665656.0,10196488.0,10632334.0,1.0460,R,R,tie,M,1.0460,1.0000,1.0460,1.0460,45
f32,3,4194304,arena_cold,27345726.0,27057905.0,27454657.0,1.0106,R,,tie,M,1.0106,1.0000,1.0106,1.0106,45
f32,3,4194304,glibc_default_fresh,11141013.0,10401639.0,11057508.0,1.0711,R,R,tie,M,1.0711,1.0000,1.0711,1.0711,45
f32,3,16777216,arena_warm,58386110.0,59683229.0,58458397.0,0.9783,M,,tie,M,1.0000,1.0222,1.0000,1.0000,45
f32,3,16777216,arena_cold,120387208.0,123364641.0,120448358.0,0.9759,M,,tie,M,1.0000,1.0247,1.0000,1.0000,45
f32,3,16777216,glibc_default_fresh,118831287.0,123189393.0,118785392.0,0.9646,M,M,tie,M,1.0000,1.0367,1.0000,1.0000,45
f32,4,64,arena_warm,677.0,751.5,671.9,0.9008,M,M,M,M,1.0000,1.0000,1.0000,1.0000,45
f32,4,64,arena_cold,1042.3,1124.1,1047.7,0.9272,M,M,M,M,1.0000,1.0000,1.0000,1.0000,45
f32,4,64,glibc_default_fresh,1076.7,1149.3,1080.4,0.9368,M,M,M,M,1.0000,1.0000,1.0000,1.0000,45
f32,4,1024,arena_warm,1485.6,1553.1,1506.1,0.9565,M,M,M,M,1.0000,1.0000,1.0000,1.0000,45
f32,4,1024,arena_cold,5989.1,6173.3,5997.2,0.9702,M,,M,M,1.0000,1.0000,1.0000,1.0000,45
f32,4,1024,glibc_default_fresh,6558.3,6738.2,6409.4,0.9733,M,,M,M,1.0000,1.0000,1.0000,1.0000,45
f32,4,4096,arena_warm,3205.0,4374.0,3223.0,0.7327,M,M,M,M,1.0000,1.0000,1.0000,1.0000,45
f32,4,4096,arena_cold,21798.0,23147.0,21769.0,0.9417,M,,M,M,1.0000,1.0000,1.0000,1.0000,45
f32,4,4096,glibc_default_fresh,3320.0,4423.0,3300.0,0.7506,M,M,M,M,1.0000,1.0000,1.0000,1.0000,45
f32,4,16384,arena_warm,11320.0,14662.0,11354.0,0.7721,M,M,M,M,1.0000,1.0000,1.0000,1.0000,45
f32,4,16384,arena_cold,72588.0,74809.0,72608.0,0.9703,M,,M,M,1.0000,1.0000,1.0000,1.0000,45
f32,4,16384,glibc_default_fresh,45647.0,50436.0,45884.0,0.9050,M,M,M,M,1.0000,1.0000,1.0000,1.0000,45
f32,4,65536,arena_warm,82391.0,79623.0,83171.0,1.0348,R,R,M,M,1.0348,1.0348,1.0348,1.0348,45
f32,4,65536,arena_cold,331441.0,324883.0,322991.0,1.0202,R,,M,M,1.0202,1.0202,1.0202,1.0202,45
f32,4,65536,glibc_default_fresh,241857.0,305360.0,242276.0,0.7920,M,M,M,M,1.0000,1.0000,1.0000,1.0000,45
f32,4,262144,arena_warm,537011.0,632690.0,537890.0,0.8488,M,M,M,M,1.0000,1.0000,1.0000,1.0000,45
f32,4,262144,arena_cold,1430415.0,1514526.0,1434670.0,0.9445,M,M,M,M,1.0000,1.0000,1.0000,1.0000,45
f32,4,262144,glibc_default_fresh,1219137.0,1550982.0,1233754.0,0.7860,M,M,M,M,1.0000,1.0000,1.0000,1.0000,45
f32,4,1048576,arena_warm,2265882.0,2556814.0,2275259.0,0.8862,M,M,M,M,1.0000,1.0000,1.0000,1.0000,45
f32,4,1048576,arena_cold,6246082.0,6567907.0,6210759.0,0.9510,M,M,M,M,1.0000,1.0000,1.0000,1.0000,45
f32,4,1048576,glibc_default_fresh,5343962.0,6493732.0,5366882.0,0.8229,M,M,M,M,1.0000,1.0000,1.0000,1.0000,45
f32,4,4194304,arena_warm,14995615.0,14539960.0,15090691.0,1.0313,R,R,M,M,1.0313,1.0313,1.0313,1.0313,45
f32,4,4194304,arena_cold,37379882.0,36691050.0,37606262.0,1.0188,R,,M,M,1.0188,1.0188,1.0188,1.0188,45
f32,4,4194304,glibc_default_fresh,31798075.0,38515378.0,31965699.0,0.8256,M,M,M,M,1.0000,1.0000,1.0000,1.0000,45
f32,4,16777216,arena_warm,73884224.0,79282840.0,74398486.0,0.9319,M,M,M,M,1.0000,1.0000,1.0000,1.0000,45
f32,4,16777216,arena_cold,156732290.0,164862835.0,156860375.0,0.9507,M,M,M,M,1.0000,1.0000,1.0000,1.0000,45
f32,4,16777216,glibc_default_fresh,153210774.0,163527285.0,153094972.0,0.9369,M,M,M,M,1.0000,1.0000,1.0000,1.0000,45
f32,6,64,arena_warm,922.4,1083.8,934.4,0.8511,M,M,M,M,1.0000,1.0000,1.0000,1.0000,45
f32,6,64,arena_cold,1569.5,1705.8,1566.4,0.9202,M,M,M,M,1.0000,1.0000,1.0000,1.0000,45
f32,6,64,glibc_default_fresh,1585.8,1746.7,1593.5,0.9079,M,M,M,M,1.0000,1.0000,1.0000,1.0000,45
f32,6,1024,arena_warm,2152.9,2306.4,2175.1,0.9334,M,M,M,M,1.0000,1.0000,1.0000,1.0000,45
f32,6,1024,arena_cold,8923.1,9260.0,8922.9,0.9636,M,M,M,M,1.0000,1.0000,1.0000,1.0000,45
f32,6,1024,glibc_default_fresh,10396.1,10663.2,10380.0,0.9750,M,,M,M,1.0000,1.0000,1.0000,1.0000,45
f32,6,4096,arena_warm,4468.0,6400.0,4480.0,0.6981,M,M,M,M,1.0000,1.0000,1.0000,1.0000,45
f32,6,4096,arena_cold,30503.0,31674.0,30750.0,0.9630,M,,M,M,1.0000,1.0000,1.0000,1.0000,45
f32,6,4096,glibc_default_fresh,4695.0,6516.0,4721.0,0.7205,M,M,M,M,1.0000,1.0000,1.0000,1.0000,45
f32,6,16384,arena_warm,16020.0,21810.0,15859.0,0.7345,M,M,M,M,1.0000,1.0000,1.0000,1.0000,45
f32,6,16384,arena_cold,107552.0,110851.0,106804.0,0.9702,M,,M,M,1.0000,1.0000,1.0000,1.0000,45
f32,6,16384,glibc_default_fresh,15908.0,22051.0,15892.0,0.7214,M,M,M,M,1.0000,1.0000,1.0000,1.0000,45
f32,6,65536,arena_warm,135281.0,133957.0,134747.0,1.0099,R,,M,M,1.0099,1.0099,1.0099,1.0099,45
f32,6,65536,arena_cold,503264.0,512460.0,499482.0,0.9821,M,,M,M,1.0000,1.0000,1.0000,1.0000,45
f32,6,65536,glibc_default_fresh,142291.0,129433.0,137245.0,1.0993,R,,M,M,1.0993,1.0993,1.0993,1.0993,45
f32,6,262144,arena_warm,769741.0,956729.0,770858.0,0.8046,M,M,M,M,1.0000,1.0000,1.0000,1.0000,45
f32,6,262144,arena_cold,2143276.0,2303862.0,2131988.0,0.9303,M,M,M,M,1.0000,1.0000,1.0000,1.0000,45
f32,6,262144,glibc_default_fresh,776661.0,936480.0,770688.0,0.8293,M,M,M,M,1.0000,1.0000,1.0000,1.0000,45
f32,6,1048576,arena_warm,3344714.0,3941706.0,3371760.0,0.8485,M,M,M,M,1.0000,1.0000,1.0000,1.0000,45
f32,6,1048576,arena_cold,10001287.0,10685918.0,10026298.0,0.9359,M,M,M,M,1.0000,1.0000,1.0000,1.0000,45
f32,6,1048576,glibc_default_fresh,3456895.0,4038555.0,3462449.0,0.8560,M,M,M,M,1.0000,1.0000,1.0000,1.0000,45
f32,6,4194304,arena_warm,22902611.0,22444118.0,22956966.0,1.0204,R,,M,M,1.0204,1.0204,1.0204,1.0204,45
f32,6,4194304,arena_cold,56103877.0,56100171.0,55973119.0,1.0001,R,,M,M,1.0001,1.0001,1.0001,1.0001,45
f32,6,4194304,glibc_default_fresh,23222404.0,22719635.0,22922053.0,1.0221,R,,M,M,1.0221,1.0221,1.0221,1.0221,45
f32,6,16777216,arena_warm,104494078.0,118588117.0,103969706.0,0.8812,M,M,M,M,1.0000,1.0000,1.0000,1.0000,45
f32,6,16777216,arena_cold,228583737.0,245957245.0,228500780.0,0.9294,M,M,M,M,1.0000,1.0000,1.0000,1.0000,45
f32,6,16777216,glibc_default_fresh,226065996.0,246582305.0,225219923.0,0.9168,M,M,M,M,1.0000,1.0000,1.0000,1.0000,45
f32,8,64,arena_warm,1076.7,1234.9,1067.9,0.8719,M,M,M,M,1.0000,1.0000,1.0000,1.0000,45
f32,8,64,arena_cold,1902.6,2100.7,1916.4,0.9057,M,M,M,M,1.0000,1.0000,1.0000,1.0000,45
f32,8,64,glibc_default_fresh,2014.4,2204.0,2012.7,0.9140,M,M,M,M,1.0000,1.0000,1.0000,1.0000,45
f32,8,1024,arena_warm,2880.8,3103.3,2890.8,0.9283,M,M,M,M,1.0000,1.0000,1.0000,1.0000,45
f32,8,1024,arena_cold,12691.4,13348.5,13021.4,0.9508,M,M,M,M,1.0000,1.0000,1.0000,1.0000,45
f32,8,1024,glibc_default_fresh,14861.6,15337.2,14836.9,0.9690,M,M,M,M,1.0000,1.0000,1.0000,1.0000,45
f32,8,4096,arena_warm,5602.0,8331.0,5598.0,0.6724,M,M,M,M,1.0000,1.0000,1.0000,1.0000,45
f32,8,4096,arena_cold,39419.0,40936.0,39223.0,0.9629,M,M,M,M,1.0000,1.0000,1.0000,1.0000,45
f32,8,4096,glibc_default_fresh,5640.0,8400.0,5653.0,0.6714,M,M,M,M,1.0000,1.0000,1.0000,1.0000,45
f32,8,16384,arena_warm,20585.0,28877.0,20660.0,0.7129,M,M,M,M,1.0000,1.0000,1.0000,1.0000,45
f32,8,16384,arena_cold,142636.0,151004.0,145201.0,0.9446,M,M,M,M,1.0000,1.0000,1.0000,1.0000,45
f32,8,16384,glibc_default_fresh,120480.0,123133.0,120216.0,0.9785,M,,M,M,1.0000,1.0000,1.0000,1.0000,45
f32,8,65536,arena_warm,180752.0,174156.0,175781.0,1.0379,R,,M,M,1.0379,1.0379,1.0379,1.0379,45
f32,8,65536,arena_cold,660454.0,672898.0,660719.0,0.9815,M,,M,M,1.0000,1.0000,1.0000,1.0000,45
f32,8,65536,glibc_default_fresh,622090.0,699049.0,629956.0,0.8899,M,M,M,M,1.0000,1.0000,1.0000,1.0000,45
f32,8,262144,arena_warm,992151.0,1258922.0,1004464.0,0.7881,M,M,M,M,1.0000,1.0000,1.0000,1.0000,45
f32,8,262144,arena_cold,2817171.0,3070999.0,2819106.0,0.9173,M,M,M,M,1.0000,1.0000,1.0000,1.0000,45
f32,8,262144,glibc_default_fresh,2737931.0,3223300.0,2737762.0,0.8494,M,M,M,M,1.0000,1.0000,1.0000,1.0000,45
f32,8,1048576,arena_warm,5316052.0,6094814.0,5357115.0,0.8722,M,M,M,M,1.0000,1.0000,1.0000,1.0000,45
f32,8,1048576,arena_cold,17051829.0,17840883.0,17056071.0,0.9558,M,M,M,M,1.0000,1.0000,1.0000,1.0000,45
f32,8,1048576,glibc_default_fresh,15629765.0,18317862.0,15935212.0,0.8533,M,M,M,M,1.0000,1.0000,1.0000,1.0000,45
f32,8,4194304,arena_warm,30189547.0,30327830.0,29963078.0,0.9954,M,,M,M,1.0000,1.0000,1.0000,1.0000,45
f32,8,4194304,arena_cold,73164734.0,74726968.0,73431880.0,0.9791,M,,M,M,1.0000,1.0000,1.0000,1.0000,45
f32,8,4194304,glibc_default_fresh,67257221.0,77624691.0,67235251.0,0.8664,M,M,M,M,1.0000,1.0000,1.0000,1.0000,45
f32,8,16777216,arena_warm,134683942.0,156426172.0,135677767.0,0.8610,M,M,M,M,1.0000,1.0000,1.0000,1.0000,45
f32,8,16777216,arena_cold,301216558.0,328521811.0,301332219.0,0.9169,M,M,M,M,1.0000,1.0000,1.0000,1.0000,45
f32,8,16777216,glibc_default_fresh,296472875.0,328315098.0,300259775.0,0.9030,M,M,M,M,1.0000,1.0000,1.0000,1.0000,45
i32,1,64,arena_warm,332.5,352.7,339.0,0.9429,M,M,R,R,1.0605,1.0605,1.0605,1.0605,45
i32,1,64,arena_cold,433.5,447.2,428.4,0.9694,M,,R,R,1.0316,1.0316,1.0316,1.0316,45
i32,1,64,glibc_default_fresh,351.7,371.4,341.5,0.9469,M,M,R,R,1.0560,1.0560,1.0560,1.0560,45
i32,1,1024,arena_warm,610.0,555.1,612.4,1.0990,R,R,R,R,1.0000,1.0000,1.0000,1.0000,45
i32,1,1024,arena_cold,1807.9,1709.3,1807.3,1.0576,R,R,R,R,1.0000,1.0000,1.0000,1.0000,45
i32,1,1024,glibc_default_fresh,627.6,600.5,619.9,1.0450,R,R,R,R,1.0000,1.0000,1.0000,1.0000,45
i32,1,4096,arena_warm,1747.0,1297.0,1742.0,1.3470,R,R,R,R,1.0000,1.0000,1.0000,1.0000,45
i32,1,4096,arena_cold,7260.0,6844.0,7273.0,1.0608,R,R,R,R,1.0000,1.0000,1.0000,1.0000,45
i32,1,4096,glibc_default_fresh,1883.0,1347.0,1893.0,1.3979,R,R,R,R,1.0000,1.0000,1.0000,1.0000,45
i32,1,16384,arena_warm,5472.0,3942.0,5480.0,1.3881,R,R,R,R,1.0000,1.0000,1.0000,1.0000,45
i32,1,16384,arena_cold,21653.0,22672.0,24260.0,0.9551,M,,R,R,1.0471,1.0471,1.0471,1.0471,45
i32,1,16384,glibc_default_fresh,5498.0,4012.0,5520.0,1.3704,R,R,R,R,1.0000,1.0000,1.0000,1.0000,45
i32,1,65536,arena_warm,20261.0,14365.0,20257.0,1.4104,R,R,R,R,1.0000,1.0000,1.0000,1.0000,45
i32,1,65536,arena_cold,80959.0,74216.0,81049.0,1.0909,R,R,R,R,1.0000,1.0000,1.0000,1.0000,45
i32,1,65536,glibc_default_fresh,20359.0,14415.0,20343.0,1.4123,R,R,R,R,1.0000,1.0000,1.0000,1.0000,45
i32,1,262144,arena_warm,182797.0,152617.0,184484.0,1.1977,R,R,R,R,1.0000,1.0000,1.0000,1.0000,45
i32,1,262144,arena_cold,402103.0,374820.0,406318.0,1.0728,R,R,R,R,1.0000,1.0000,1.0000,1.0000,45
i32,1,262144,glibc_default_fresh,178539.0,152954.0,179483.0,1.1673,R,R,R,R,1.0000,1.0000,1.0000,1.0000,45
i32,1,1048576,arena_warm,799976.0,628103.0,789681.0,1.2736,R,R,R,R,1.0000,1.0000,1.0000,1.0000,45
i32,1,1048576,arena_cold,1695001.0,1501280.0,1682950.0,1.1290,R,R,R,R,1.0000,1.0000,1.0000,1.0000,45
i32,1,1048576,glibc_default_fresh,802904.0,634270.0,807071.0,1.2659,R,R,R,R,1.0000,1.0000,1.0000,1.0000,45
i32,1,4194304,arena_warm,3212297.0,2523029.0,3217805.0,1.2732,R,R,R,R,1.0000,1.0000,1.0000,1.0000,45
i32,1,4194304,arena_cold,7166817.0,6390095.0,7114895.0,1.1216,R,R,R,R,1.0000,1.0000,1.0000,1.0000,45
i32,1,4194304,glibc_default_fresh,3287769.0,2576980.0,3273122.0,1.2758,R,R,R,R,1.0000,1.0000,1.0000,1.0000,45
i32,1,16777216,arena_warm,23002254.0,18589368.0,23572622.0,1.2374,R,R,R,R,1.0000,1.0000,1.0000,1.0000,45
i32,1,16777216,arena_cold,47110542.0,40867378.0,47165620.0,1.1528,R,R,R,R,1.0000,1.0000,1.0000,1.0000,45
i32,1,16777216,glibc_default_fresh,46620848.0,40103343.0,46511233.0,1.1625,R,R,R,R,1.0000,1.0000,1.0000,1.0000,45
i32,2,64,arena_warm,453.9,483.7,450.2,0.9383,M,M,R,R,1.0657,1.0657,1.0657,1.0000,45
i32,2,64,arena_cold,620.9,661.6,622.5,0.9385,M,M,R,R,1.0655,1.0655,1.0655,1.0000,45
i32,2,64,glibc_default_fresh,491.0,522.9,492.9,0.9391,M,M,R,R,1.0649,1.0649,1.0649,1.0000,45
i32,2,1024,arena_warm,890.1,881.0,885.1,1.0104,R,,R,R,1.0000,1.0000,1.0000,1.0104,45
i32,2,1024,arena_cold,3246.9,3198.1,3254.9,1.0153,R,,R,R,1.0000,1.0000,1.0000,1.0153,45
i32,2,1024,glibc_default_fresh,947.4,958.9,945.6,0.9881,M,,R,R,1.0121,1.0121,1.0121,1.0000,45
i32,2,4096,arena_warm,2286.0,2357.0,2284.0,0.9699,M,M,R,R,1.0311,1.0311,1.0311,1.0000,45
i32,2,4096,arena_cold,11540.0,11559.0,11652.0,0.9984,M,,R,R,1.0016,1.0016,1.0016,1.0000,45
i32,2,4096,glibc_default_fresh,2346.0,2412.0,2336.0,0.9726,M,,R,R,1.0281,1.0281,1.0281,1.0000,45
i32,2,16384,arena_warm,7667.0,7508.0,7675.0,1.0212,R,,R,R,1.0000,1.0000,1.0000,1.0212,45
i32,2,16384,arena_cold,40883.0,39711.0,40897.0,1.0295,R,,R,R,1.0000,1.0000,1.0000,1.0295,45
i32,2,16384,glibc_default_fresh,7738.0,7583.0,7748.0,1.0204,R,,R,R,1.0000,1.0000,1.0000,1.0204,45
i32,2,65536,arena_warm,30820.0,29571.0,32136.0,1.0422,R,R,R,R,1.0000,1.0000,1.0000,1.0422,45
i32,2,65536,arena_cold,154783.0,153477.0,156644.0,1.0085,R,,R,R,1.0000,1.0000,1.0000,1.0085,45
i32,2,65536,glibc_default_fresh,32553.0,29738.0,32337.0,1.0947,R,R,R,R,1.0000,1.0000,1.0000,1.0947,45
i32,2,262144,arena_warm,312790.0,319795.0,309179.0,0.9781,M,,R,R,1.0224,1.0224,1.0224,1.0000,45
i32,2,262144,arena_cold,763405.0,759575.0,761032.0,1.0050,R,,R,R,1.0000,1.0000,1.0000,1.0050,45
i32,2,262144,glibc_default_fresh,305663.0,325803.0,302329.0,0.9382,M,,R,R,1.0659,1.0659,1.0659,1.0000,45
i32,2,1048576,arena_warm,1264671.0,1239909.0,1251537.0,1.0200,R,,R,R,1.0000,1.0000,1.0000,1.0200,45
i32,2,1048576,arena_cold,3045392.0,2998294.0,3046346.0,1.0157,R,,R,R,1.0000,1.0000,1.0000,1.0157,45
i32,2,1048576,glibc_default_fresh,1311144.0,1284515.0,1306658.0,1.0207,R,,R,R,1.0000,1.0000,1.0000,1.0207,45
i32,2,4194304,arena_warm,5538840.0,5307292.0,5500503.0,1.0436,R,R,R,R,1.0000,1.0000,1.0000,1.0436,45
i32,2,4194304,arena_cold,16077306.0,15850743.0,15983543.0,1.0143,R,,R,R,1.0000,1.0000,1.0000,1.0143,45
i32,2,4194304,glibc_default_fresh,5962093.0,5557021.0,5832750.0,1.0729,R,R,R,R,1.0000,1.0000,1.0000,1.0729,45
i32,2,16777216,arena_warm,41875204.0,39512590.0,42040352.0,1.0598,R,R,R,R,1.0000,1.0000,1.0000,1.0598,45
i32,2,16777216,arena_cold,84317748.0,82665300.0,84187320.0,1.0200,R,,R,R,1.0000,1.0000,1.0000,1.0200,45
i32,2,16777216,glibc_default_fresh,82493058.0,81038602.0,82286340.0,1.0179,R,,R,R,1.0000,1.0000,1.0000,1.0179,45
i32,3,64,arena_warm,565.8,626.4,570.8,0.9032,M,M,tie,M,1.0000,1.1071,1.0000,1.0000,45
i32,3,64,arena_cold,825.1,888.4,830.1,0.9288,M,M,tie,M,1.0000,1.0766,1.0000,1.0000,45
i32,3,64,glibc_default_fresh,857.0,914.8,847.1,0.9368,M,M,tie,M,1.0000,1.0674,1.0000,1.0000,45
i32,3,1024,arena_warm,1182.0,1213.6,1173.5,0.9739,M,,tie,M,1.0000,1.0268,1.0000,1.0000,45
i32,3,1024,arena_cold,4699.9,4720.6,4684.5,0.9956,M,,tie,M,1.0000,1.0044,1.0000,1.0000,45
i32,3,1024,glibc_default_fresh,5102.5,5153.5,5027.6,0.9901,M,,tie,M,1.0000,1.0100,1.0000,1.0000,45
i32,3,4096,arena_warm,2905.0,3355.0,2907.0,0.8659,M,M,tie,M,1.0000,1.1549,1.0000,1.0000,45
i32,3,4096,arena_cold,15740.0,16042.0,16485.0,0.9812,M,,tie,M,1.0000,1.0192,1.0000,1.0000,45
i32,3,4096,glibc_default_fresh,3006.0,3417.0,3023.0,0.8797,M,M,tie,M,1.0000,1.1367,1.0000,1.0000,45
i32,3,16384,arena_warm,9871.0,11036.0,9870.0,0.8944,M,M,tie,M,1.0000,1.1180,1.0000,1.0000,45
i32,3,16384,arena_cold,57204.0,56804.0,57079.0,1.0070,R,,tie,M,1.0070,1.0000,1.0070,1.0070,45
i32,3,16384,glibc_default_fresh,9957.0,11165.0,9977.0,0.8918,M,M,tie,M,1.0000,1.1213,1.0000,1.0000,45
i32,3,65536,arena_warm,54710.0,50082.0,54511.0,1.0924,R,R,tie,M,1.0924,1.0000,1.0924,1.0924,45
i32,3,65536,arena_cold,238260.0,236381.0,242616.0,1.0079,R,,tie,M,1.0079,1.0000,1.0079,1.0079,45
i32,3,65536,glibc_default_fresh,56333.0,51630.0,56238.0,1.0911,R,R,tie,M,1.0911,1.0000,1.0911,1.0911,45
i32,3,262144,arena_warm,412134.0,466760.0,418552.0,0.8830,M,M,tie,M,1.0000,1.1325,1.0000,1.0000,45
i32,3,262144,arena_cold,1087238.0,1112380.0,1091872.0,0.9774,M,,tie,M,1.0000,1.0231,1.0000,1.0000,45
i32,3,262144,glibc_default_fresh,418101.0,473384.0,416617.0,0.8832,M,M,tie,M,1.0000,1.1322,1.0000,1.0000,45
i32,3,1048576,arena_warm,1739092.0,1894543.0,1748408.0,0.9179,M,M,tie,M,1.0000,1.0894,1.0000,1.0000,45
i32,3,1048576,arena_cold,4447227.0,4513772.0,4441931.0,0.9853,M,,tie,M,1.0000,1.0150,1.0000,1.0000,45
i32,3,1048576,glibc_default_fresh,1783281.0,1917293.0,1794067.0,0.9301,M,M,tie,M,1.0000,1.0751,1.0000,1.0000,45
i32,3,4194304,arena_warm,9836921.0,9484494.0,9505093.0,1.0372,R,,tie,M,1.0372,1.0000,1.0372,1.0372,45
i32,3,4194304,arena_cold,27209745.0,26489510.0,26951847.0,1.0272,R,,tie,M,1.0272,1.0000,1.0272,1.0272,45
i32,3,4194304,glibc_default_fresh,9035487.0,8945031.0,8891170.0,1.0101,R,,tie,M,1.0101,1.0000,1.0101,1.0101,45
i32,3,16777216,arena_warm,57447416.0,59371454.0,58208714.0,0.9676,M,M,tie,M,1.0000,1.0335,1.0000,1.0000,45
i32,3,16777216,arena_cold,120058269.0,123089759.0,120062696.0,0.9754,M,,tie,M,1.0000,1.0253,1.0000,1.0000,45
i32,3,16777216,glibc_default_fresh,118895801.0,123396519.0,118754202.0,0.9635,M,M,tie,M,1.0000,1.0379,1.0000,1.0000,45
i32,4,64,arena_warm,672.6,753.1,666.0,0.8931,M,M,M,M,1.0000,1.0000,1.0000,1.0000,45
i32,4,64,arena_cold,1022.4,1110.0,1014.7,0.9211,M,M,M,M,1.0000,1.0000,1.0000,1.0000,45
i32,4,64,glibc_default_fresh,1055.6,1137.9,1064.8,0.9277,M,M,M,M,1.0000,1.0000,1.0000,1.0000,45
i32,4,1024,arena_warm,1511.8,1562.8,1519.2,0.9674,M,M,M,M,1.0000,1.0000,1.0000,1.0000,45
i32,4,1024,arena_cold,6063.5,6176.3,6060.4,0.9817,M,,M,M,1.0000,1.0000,1.0000,1.0000,45
i32,4,1024,glibc_default_fresh,6518.3,6694.1,6522.9,0.9737,M,,M,M,1.0000,1.0000,1.0000,1.0000,45
i32,4,4096,arena_warm,3475.0,4358.0,3495.0,0.7974,M,M,M,M,1.0000,1.0000,1.0000,1.0000,45
i32,4,4096,arena_cold,22611.0,22990.0,20219.0,0.9835,M,,M,M,1.0000,1.0000,1.0000,1.0000,45
i32,4,4096,glibc_default_fresh,3558.0,4389.0,3591.0,0.8107,M,M,M,M,1.0000,1.0000,1.0000,1.0000,45
i32,4,16384,arena_warm,12031.0,14560.0,12028.0,0.8263,M,M,M,M,1.0000,1.0000,1.0000,1.0000,45
i32,4,16384,arena_cold,73676.0,74297.0,74005.0,0.9916,M,,M,M,1.0000,1.0000,1.0000,1.0000,45
i32,4,16384,glibc_default_fresh,46246.0,49896.0,46252.0,0.9268,M,M,M,M,1.0000,1.0000,1.0000,1.0000,45
i32,4,65536,arena_warm,82655.0,75783.0,81912.0,1.0907,R,R,M,M,1.0907,1.0907,1.0907,1.0907,45
i32,4,65536,arena_cold,327245.0,333661.0,329401.0,0.9808,M,,M,M,1.0000,1.0000,1.0000,1.0000,45
i32,4,65536,glibc_default_fresh,251547.0,312836.0,257153.0,0.8041,M,M,M,M,1.0000,1.0000,1.0000,1.0000,45
i32,4,262144,arena_warm,540058.0,641251.0,539915.0,0.8422,M,M,M,M,1.0000,1.0000,1.0000,1.0000,45
i32,4,262144,arena_cold,1442398.0,1507637.0,1452216.0,0.9567,M,M,M,M,1.0000,1.0000,1.0000,1.0000,45
i32,4,262144,glibc_default_fresh,1250125.0,1524755.0,1235097.0,0.8199,M,M,M,M,1.0000,1.0000,1.0000,1.0000,45
i32,4,1048576,arena_warm,2231935.0,2524012.0,2254007.0,0.8843,M,M,M,M,1.0000,1.0000,1.0000,1.0000,45
i32,4,1048576,arena_cold,6000547.0,6250772.0,6027340.0,0.9600,M,M,M,M,1.0000,1.0000,1.0000,1.0000,45
i32,4,1048576,glibc_default_fresh,5371342.0,6659212.0,5438139.0,0.8066,M,M,M,M,1.0000,1.0000,1.0000,1.0000,45
i32,4,4194304,arena_warm,14095392.0,14015037.0,13894413.0,1.0057,R,,M,M,1.0057,1.0057,1.0057,1.0057,45
i32,4,4194304,arena_cold,36613968.0,35919385.0,36542823.0,1.0193,R,,M,M,1.0193,1.0193,1.0193,1.0193,45
i32,4,4194304,glibc_default_fresh,31731304.0,39126202.0,31935907.0,0.8110,M,M,M,M,1.0000,1.0000,1.0000,1.0000,45
i32,4,16777216,arena_warm,72878726.0,78548974.0,73110264.0,0.9278,M,M,M,M,1.0000,1.0000,1.0000,1.0000,45
i32,4,16777216,arena_cold,155630232.0,162948343.0,155068792.0,0.9551,M,M,M,M,1.0000,1.0000,1.0000,1.0000,45
i32,4,16777216,glibc_default_fresh,153369055.0,163492821.0,153684952.0,0.9381,M,M,M,M,1.0000,1.0000,1.0000,1.0000,45
i32,6,64,arena_warm,933.4,1080.5,905.8,0.8639,M,M,M,M,1.0000,1.0000,1.0000,1.0000,45
i32,6,64,arena_cold,1555.6,1726.8,1564.3,0.9008,M,M,M,M,1.0000,1.0000,1.0000,1.0000,45
i32,6,64,glibc_default_fresh,1562.0,1718.6,1550.0,0.9089,M,M,M,M,1.0000,1.0000,1.0000,1.0000,45
i32,6,1024,arena_warm,2205.4,2336.8,2209.7,0.9438,M,M,M,M,1.0000,1.0000,1.0000,1.0000,45
i32,6,1024,arena_cold,9173.5,9383.0,9119.4,0.9777,M,,M,M,1.0000,1.0000,1.0000,1.0000,45
i32,6,1024,glibc_default_fresh,10328.5,10884.4,10393.3,0.9489,M,M,M,M,1.0000,1.0000,1.0000,1.0000,45
i32,6,4096,arena_warm,4751.0,6371.0,4734.0,0.7457,M,M,M,M,1.0000,1.0000,1.0000,1.0000,45
i32,6,4096,arena_cold,30886.0,32208.0,30812.0,0.9590,M,,M,M,1.0000,1.0000,1.0000,1.0000,45
i32,6,4096,glibc_default_fresh,4931.0,6469.0,4941.0,0.7623,M,M,M,M,1.0000,1.0000,1.0000,1.0000,45
i32,6,16384,arena_warm,16512.0,21706.0,16704.0,0.7607,M,M,M,M,1.0000,1.0000,1.0000,1.0000,45
i32,6,16384,arena_cold,110338.0,114696.0,118030.0,0.9620,M,,M,M,1.0000,1.0000,1.0000,1.0000,45
i32,6,16384,glibc_default_fresh,17190.0,21873.0,16736.0,0.7859,M,M,M,M,1.0000,1.0000,1.0000,1.0000,45
i32,6,65536,arena_warm,137928.0,129442.0,136061.0,1.0656,R,R,M,M,1.0656,1.0656,1.0656,1.0656,45
i32,6,65536,arena_cold,515361.0,515246.0,513230.0,1.0002,R,,M,M,1.0002,1.0002,1.0002,1.0002,45
i32,6,65536,glibc_default_fresh,135466.0,128516.0,134645.0,1.0541,R,,M,M,1.0541,1.0541,1.0541,1.0541,45
i32,6,262144,arena_warm,778371.0,953089.0,775745.0,0.8167,M,M,M,M,1.0000,1.0000,1.0000,1.0000,45
i32,6,262144,arena_cold,2139524.0,2241181.0,2116318.0,0.9546,M,M,M,M,1.0000,1.0000,1.0000,1.0000,45
i32,6,262144,glibc_default_fresh,770194.0,944525.0,769444.0,0.8154,M,M,M,M,1.0000,1.0000,1.0000,1.0000,45
i32,6,1048576,arena_warm,3203449.0,3749934.0,3227823.0,0.8543,M,M,M,M,1.0000,1.0000,1.0000,1.0000,45
i32,6,1048576,arena_cold,9683101.0,10278702.0,9662430.0,0.9421,M,M,M,M,1.0000,1.0000,1.0000,1.0000,45
i32,6,1048576,glibc_default_fresh,3258031.0,3861338.0,3261510.0,0.8438,M,M,M,M,1.0000,1.0000,1.0000,1.0000,45
i32,6,4194304,arena_warm,21916701.0,21926185.0,21854132.0,0.9996,M,,M,M,1.0000,1.0000,1.0000,1.0000,45
i32,6,4194304,arena_cold,54975083.0,54976501.0,55165293.0,1.0000,M,,M,M,1.0000,1.0000,1.0000,1.0000,45
i32,6,4194304,glibc_default_fresh,21767074.0,21919087.0,21806064.0,0.9931,M,,M,M,1.0000,1.0000,1.0000,1.0000,45
i32,6,16777216,arena_warm,103342093.0,117897411.0,103805517.0,0.8765,M,M,M,M,1.0000,1.0000,1.0000,1.0000,45
i32,6,16777216,arena_cold,229773459.0,246394676.0,228831360.0,0.9325,M,M,M,M,1.0000,1.0000,1.0000,1.0000,45
i32,6,16777216,glibc_default_fresh,226643335.0,247416946.0,227904949.0,0.9160,M,M,M,M,1.0000,1.0000,1.0000,1.0000,45
i32,8,64,arena_warm,1125.8,1334.3,1117.7,0.8437,M,M,M,M,1.0000,1.0000,1.0000,1.0000,45
i32,8,64,arena_cold,1894.1,2091.5,1912.1,0.9056,M,M,M,M,1.0000,1.0000,1.0000,1.0000,45
i32,8,64,glibc_default_fresh,1980.7,2172.7,1959.5,0.9116,M,M,M,M,1.0000,1.0000,1.0000,1.0000,45
i32,8,1024,arena_warm,2710.3,2924.3,2693.0,0.9268,M,M,M,M,1.0000,1.0000,1.0000,1.0000,45
i32,8,1024,arena_cold,11986.8,12372.5,11918.6,0.9688,M,M,M,M,1.0000,1.0000,1.0000,1.0000,45
i32,8,1024,glibc_default_fresh,14923.6,15604.3,14817.6,0.9564,M,M,M,M,1.0000,1.0000,1.0000,1.0000,45
i32,8,4096,arena_warm,5829.0,8288.0,5834.0,0.7033,M,M,M,M,1.0000,1.0000,1.0000,1.0000,45
i32,8,4096,arena_cold,39204.0,40801.0,39172.0,0.9609,M,M,M,M,1.0000,1.0000,1.0000,1.0000,45
i32,8,4096,glibc_default_fresh,5914.0,8421.0,5929.0,0.7023,M,M,M,M,1.0000,1.0000,1.0000,1.0000,45
i32,8,16384,arena_warm,21355.0,28938.0,21551.0,0.7380,M,M,M,M,1.0000,1.0000,1.0000,1.0000,45
i32,8,16384,arena_cold,144695.0,149371.0,144752.0,0.9687,M,M,M,M,1.0000,1.0000,1.0000,1.0000,45
i32,8,16384,glibc_default_fresh,120426.0,122865.0,122204.0,0.9801,M,,M,M,1.0000,1.0000,1.0000,1.0000,45
i32,8,65536,arena_warm,175062.0,173275.0,174199.0,1.0103,R,,M,M,1.0103,1.0103,1.0103,1.0103,45
i32,8,65536,arena_cold,660299.0,667050.0,663318.0,0.9899,M,,M,M,1.0000,1.0000,1.0000,1.0000,45
i32,8,65536,glibc_default_fresh,621259.0,695399.0,620768.0,0.8934,M,M,M,M,1.0000,1.0000,1.0000,1.0000,45
i32,8,262144,arena_warm,977058.0,1233421.0,980458.0,0.7922,M,M,M,M,1.0000,1.0000,1.0000,1.0000,45
i32,8,262144,arena_cold,2778796.0,2963234.0,2780141.0,0.9378,M,M,M,M,1.0000,1.0000,1.0000,1.0000,45
i32,8,262144,glibc_default_fresh,2660445.0,3098849.0,2660941.0,0.8585,M,M,M,M,1.0000,1.0000,1.0000,1.0000,45
i32,8,1048576,arena_warm,4262328.0,5100099.0,4232456.0,0.8357,M,M,M,M,1.0000,1.0000,1.0000,1.0000,45
i32,8,1048576,arena_cold,13888054.0,14661405.0,13779541.0,0.9473,M,M,M,M,1.0000,1.0000,1.0000,1.0000,45
i32,8,1048576,glibc_default_fresh,15771976.0,18025439.0,15993528.0,0.8750,M,M,M,M,1.0000,1.0000,1.0000,1.0000,45
i32,8,4194304,arena_warm,29040968.0,29857303.0,29327908.0,0.9727,M,,M,M,1.0000,1.0000,1.0000,1.0000,45
i32,8,4194304,arena_cold,73774616.0,74167556.0,73914731.0,0.9947,M,,M,M,1.0000,1.0000,1.0000,1.0000,45
i32,8,4194304,glibc_default_fresh,66936424.0,76180973.0,67161390.0,0.8787,M,M,M,M,1.0000,1.0000,1.0000,1.0000,45
i32,8,16777216,arena_warm,134915673.0,157203269.0,135477092.0,0.8582,M,M,M,M,1.0000,1.0000,1.0000,1.0000,45
i32,8,16777216,arena_cold,299183833.0,327916793.0,299173008.0,0.9124,M,M,M,M,1.0000,1.0000,1.0000,1.0000,45
i32,8,16777216,glibc_default_fresh,297611778.0,327081969.0,296620108.0,0.9099,M,,M,M,1.0000,1.0000,1.0000,1.0000,45
