replicate,dtype,fanout,n,strategy,is_twin,fresh,in_place,recomputed,elided,copies,moves,loops,passes,payload_bytes_per_element,dry_result_allocs,dry_peak_live_bytes,bookkeeping_collision
1,f32,1,64,M,0,1,1,0,0,0,1,2,2,24,1,256,0
1,f32,1,64,R,0,1,0,1,1,0,1,1,1,16,1,256,0
1,f32,1,64,M_TWIN,1,1,1,0,0,0,1,2,2,24,1,256,0
1,f32,1,1024,M,0,1,1,0,0,0,1,2,2,24,1,4096,0
1,f32,1,1024,R,0,1,0,1,1,0,1,1,1,16,1,4096,0
1,f32,1,1024,M_TWIN,1,1,1,0,0,0,1,2,2,24,1,4096,0
1,f32,1,4096,M,0,1,1,0,0,0,1,2,2,24,1,16384,0
1,f32,1,4096,R,0,1,0,1,1,0,1,1,1,16,1,16384,0
1,f32,1,4096,M_TWIN,1,1,1,0,0,0,1,2,2,24,1,16384,0
1,f32,1,16384,M,0,1,1,0,0,0,1,2,2,24,1,65536,0
1,f32,1,16384,R,0,1,0,1,1,0,1,1,1,16,1,65536,0
1,f32,1,16384,M_TWIN,1,1,1,0,0,0,1,2,2,24,1,65536,0
1,f32,1,65536,M,0,1,1,0,0,0,1,2,2,24,1,262144,0
1,f32,1,65536,R,0,1,0,1,1,0,1,1,1,16,1,262144,0
1,f32,1,65536,M_TWIN,1,1,1,0,0,0,1,2,2,24,1,262144,0
1,f32,1,262144,M,0,1,1,0,0,0,1,2,2,24,1,1048576,0
1,f32,1,262144,R,0,1,0,1,1,0,1,1,1,16,1,1048576,0
1,f32,1,262144,M_TWIN,1,1,1,0,0,0,1,2,2,24,1,1048576,0
1,f32,1,1048576,M,0,1,1,0,0,0,1,2,2,24,1,4194304,0
1,f32,1,1048576,R,0,1,0,1,1,0,1,1,1,16,1,4194304,0
1,f32,1,1048576,M_TWIN,1,1,1,0,0,0,1,2,2,24,1,4194304,0
1,f32,1,4194304,M,0,1,1,0,0,0,1,2,2,24,1,16777216,0
1,f32,1,4194304,R,0,1,0,1,1,0,1,1,1,16,1,16777216,0
1,f32,1,4194304,M_TWIN,1,1,1,0,0,0,1,2,2,24,1,16777216,0
1,f32,1,16777216,M,0,1,1,0,0,0,1,2,2,24,1,67108864,0
1,f32,1,16777216,R,0,1,0,1,1,0,1,1,1,16,1,67108864,0
1,f32,1,16777216,M_TWIN,1,1,1,0,0,0,1,2,2,24,1,67108864,0
1,f32,2,64,M,0,2,1,0,0,0,2,3,3,36,2,512,0
1,f32,2,64,R,0,2,0,2,1,0,2,2,2,32,2,512,0
1,f32,2,64,M_TWIN,1,2,1,0,0,0,2,3,3,36,2,512,0
1,f32,2,1024,M,0,2,1,0,0,0,2,3,3,36,2,8192,0
1,f32,2,1024,R,0,2,0,2,1,0,2,2,2,32,2,8192,0
1,f32,2,1024,M_TWIN,1,2,1,0,0,0,2,3,3,36,2,8192,0
1,f32,2,4096,M,0,2,1,0,0,0,2,3,3,36,2,32768,0
1,f32,2,4096,R,0,2,0,2,1,0,2,2,2,32,2,32768,0
1,f32,2,4096,M_TWIN,1,2,1,0,0,0,2,3,3,36,2,32768,0
1,f32,2,16384,M,0,2,1,0,0,0,2,3,3,36,2,131072,0
1,f32,2,16384,R,0,2,0,2,1,0,2,2,2,32,2,131072,0
1,f32,2,16384,M_TWIN,1,2,1,0,0,0,2,3,3,36,2,131072,0
1,f32,2,65536,M,0,2,1,0,0,0,2,3,3,36,2,524288,0
1,f32,2,65536,R,0,2,0,2,1,0,2,2,2,32,2,524288,0
1,f32,2,65536,M_TWIN,1,2,1,0,0,0,2,3,3,36,2,524288,0
1,f32,2,262144,M,0,2,1,0,0,0,2,3,3,36,2,2097152,0
1,f32,2,262144,R,0,2,0,2,1,0,2,2,2,32,2,2097152,0
1,f32,2,262144,M_TWIN,1,2,1,0,0,0,2,3,3,36,2,2097152,0
1,f32,2,1048576,M,0,2,1,0,0,0,2,3,3,36,2,8388608,0
1,f32,2,1048576,R,0,2,0,2,1,0,2,2,2,32,2,8388608,0
1,f32,2,1048576,M_TWIN,1,2,1,0,0,0,2,3,3,36,2,8388608,0
1,f32,2,4194304,M,0,2,1,0,0,0,2,3,3,36,2,33554432,0
1,f32,2,4194304,R,0,2,0,2,1,0,2,2,2,32,2,33554432,0
1,f32,2,4194304,M_TWIN,1,2,1,0,0,0,2,3,3,36,2,33554432,0
1,f32,2,16777216,M,0,2,1,0,0,0,2,3,3,36,2,134217728,0
1,f32,2,16777216,R,0,2,0,2,1,0,2,2,2,32,2,134217728,0
1,f32,2,16777216,M_TWIN,1,2,1,0,0,0,2,3,3,36,2,134217728,0
1,f32,3,64,M,0,3,1,0,0,0,3,4,4,48,3,768,0
1,f32,3,64,R,0,3,0,3,1,0,3,3,3,48,3,768,0
1,f32,3,64,M_TWIN,1,3,1,0,0,0,3,4,4,48,3,768,0
1,f32,3,1024,M,0,3,1,0,0,0,3,4,4,48,3,12288,0
1,f32,3,1024,R,0,3,0,3,1,0,3,3,3,48,3,12288,0
1,f32,3,1024,M_TWIN,1,3,1,0,0,0,3,4,4,48,3,12288,0
1,f32,3,4096,M,0,3,1,0,0,0,3,4,4,48,3,49152,0
1,f32,3,4096,R,0,3,0,3,1,0,3,3,3,48,3,49152,0
1,f32,3,4096,M_TWIN,1,3,1,0,0,0,3,4,4,48,3,49152,0
1,f32,3,16384,M,0,3,1,0,0,0,3,4,4,48,3,196608,0
1,f32,3,16384,R,0,3,0,3,1,0,3,3,3,48,3,196608,0
1,f32,3,16384,M_TWIN,1,3,1,0,0,0,3,4,4,48,3,196608,0
1,f32,3,65536,M,0,3,1,0,0,0,3,4,4,48,3,786432,0
1,f32,3,65536,R,0,3,0,3,1,0,3,3,3,48,3,786432,0
1,f32,3,65536,M_TWIN,1,3,1,0,0,0,3,4,4,48,3,786432,0
1,f32,3,262144,M,0,3,1,0,0,0,3,4,4,48,3,3145728,0
1,f32,3,262144,R,0,3,0,3,1,0,3,3,3,48,3,3145728,0
1,f32,3,262144,M_TWIN,1,3,1,0,0,0,3,4,4,48,3,3145728,0
1,f32,3,1048576,M,0,3,1,0,0,0,3,4,4,48,3,12582912,0
1,f32,3,1048576,R,0,3,0,3,1,0,3,3,3,48,3,12582912,0
1,f32,3,1048576,M_TWIN,1,3,1,0,0,0,3,4,4,48,3,12582912,0
1,f32,3,4194304,M,0,3,1,0,0,0,3,4,4,48,3,50331648,0
1,f32,3,4194304,R,0,3,0,3,1,0,3,3,3,48,3,50331648,0
1,f32,3,4194304,M_TWIN,1,3,1,0,0,0,3,4,4,48,3,50331648,0
1,f32,3,16777216,M,0,3,1,0,0,0,3,4,4,48,3,201326592,0
1,f32,3,16777216,R,0,3,0,3,1,0,3,3,3,48,3,201326592,0
1,f32,3,16777216,M_TWIN,1,3,1,0,0,0,3,4,4,48,3,201326592,0
1,f32,4,64,M,0,4,1,0,0,0,4,5,5,60,4,1024,0
1,f32,4,64,R,0,4,0,4,1,0,4,4,4,64,4,1024,0
1,f32,4,64,M_TWIN,1,4,1,0,0,0,4,5,5,60,4,1024,0
1,f32,4,1024,M,0,4,1,0,0,0,4,5,5,60,4,16384,0
1,f32,4,1024,R,0,4,0,4,1,0,4,4,4,64,4,16384,0
1,f32,4,1024,M_TWIN,1,4,1,0,0,0,4,5,5,60,4,16384,0
1,f32,4,4096,M,0,4,1,0,0,0,4,5,5,60,4,65536,0
1,f32,4,4096,R,0,4,0,4,1,0,4,4,4,64,4,65536,0
1,f32,4,4096,M_TWIN,1,4,1,0,0,0,4,5,5,60,4,65536,0
1,f32,4,16384,M,0,4,1,0,0,0,4,5,5,60,4,262144,0
1,f32,4,16384,R,0,4,0,4,1,0,4,4,4,64,4,262144,0
1,f32,4,16384,M_TWIN,1,4,1,0,0,0,4,5,5,60,4,262144,0
1,f32,4,65536,M,0,4,1,0,0,0,4,5,5,60,4,1048576,0
1,f32,4,65536,R,0,4,0,4,1,0,4,4,4,64,4,1048576,0
1,f32,4,65536,M_TWIN,1,4,1,0,0,0,4,5,5,60,4,1048576,0
1,f32,4,262144,M,0,4,1,0,0,0,4,5,5,60,4,4194304,0
1,f32,4,262144,R,0,4,0,4,1,0,4,4,4,64,4,4194304,0
1,f32,4,262144,M_TWIN,1,4,1,0,0,0,4,5,5,60,4,4194304,0
1,f32,4,1048576,M,0,4,1,0,0,0,4,5,5,60,4,16777216,0
1,f32,4,1048576,R,0,4,0,4,1,0,4,4,4,64,4,16777216,0
1,f32,4,1048576,M_TWIN,1,4,1,0,0,0,4,5,5,60,4,16777216,0
1,f32,4,4194304,M,0,4,1,0,0,0,4,5,5,60,4,67108864,0
1,f32,4,4194304,R,0,4,0,4,1,0,4,4,4,64,4,67108864,0
1,f32,4,4194304,M_TWIN,1,4,1,0,0,0,4,5,5,60,4,67108864,0
1,f32,4,16777216,M,0,4,1,0,0,0,4,5,5,60,4,268435456,0
1,f32,4,16777216,R,0,4,0,4,1,0,4,4,4,64,4,268435456,0
1,f32,4,16777216,M_TWIN,1,4,1,0,0,0,4,5,5,60,4,268435456,0
1,f32,6,64,M,0,6,1,0,0,0,6,7,7,84,7,1792,1
1,f32,6,64,R,0,6,0,6,1,0,6,6,6,96,7,1792,1
1,f32,6,64,M_TWIN,1,6,1,0,0,0,6,7,7,84,7,1792,1
1,f32,6,1024,M,0,6,1,0,0,0,6,7,7,84,6,24576,0
1,f32,6,1024,R,0,6,0,6,1,0,6,6,6,96,6,24576,0
1,f32,6,1024,M_TWIN,1,6,1,0,0,0,6,7,7,84,6,24576,0
1,f32,6,4096,M,0,6,1,0,0,0,6,7,7,84,6,98304,0
1,f32,6,4096,R,0,6,0,6,1,0,6,6,6,96,6,98304,0
1,f32,6,4096,M_TWIN,1,6,1,0,0,0,6,7,7,84,6,98304,0
1,f32,6,16384,M,0,6,1,0,0,0,6,7,7,84,6,393216,0
1,f32,6,16384,R,0,6,0,6,1,0,6,6,6,96,6,393216,0
1,f32,6,16384,M_TWIN,1,6,1,0,0,0,6,7,7,84,6,393216,0
1,f32,6,65536,M,0,6,1,0,0,0,6,7,7,84,6,1572864,0
1,f32,6,65536,R,0,6,0,6,1,0,6,6,6,96,6,1572864,0
1,f32,6,65536,M_TWIN,1,6,1,0,0,0,6,7,7,84,6,1572864,0
1,f32,6,262144,M,0,6,1,0,0,0,6,7,7,84,6,6291456,0
1,f32,6,262144,R,0,6,0,6,1,0,6,6,6,96,6,6291456,0
1,f32,6,262144,M_TWIN,1,6,1,0,0,0,6,7,7,84,6,6291456,0
1,f32,6,1048576,M,0,6,1,0,0,0,6,7,7,84,6,25165824,0
1,f32,6,1048576,R,0,6,0,6,1,0,6,6,6,96,6,25165824,0
1,f32,6,1048576,M_TWIN,1,6,1,0,0,0,6,7,7,84,6,25165824,0
1,f32,6,4194304,M,0,6,1,0,0,0,6,7,7,84,6,100663296,0
1,f32,6,4194304,R,0,6,0,6,1,0,6,6,6,96,6,100663296,0
1,f32,6,4194304,M_TWIN,1,6,1,0,0,0,6,7,7,84,6,100663296,0
1,f32,6,16777216,M,0,6,1,0,0,0,6,7,7,84,6,402653184,0
1,f32,6,16777216,R,0,6,0,6,1,0,6,6,6,96,6,402653184,0
1,f32,6,16777216,M_TWIN,1,6,1,0,0,0,6,7,7,84,6,402653184,0
1,f32,8,64,M,0,8,1,0,0,0,8,9,9,108,9,2304,1
1,f32,8,64,R,0,8,0,8,1,0,8,8,8,128,9,2304,1
1,f32,8,64,M_TWIN,1,8,1,0,0,0,8,9,9,108,9,2304,1
1,f32,8,1024,M,0,8,1,0,0,0,8,9,9,108,8,32768,0
1,f32,8,1024,R,0,8,0,8,1,0,8,8,8,128,8,32768,0
1,f32,8,1024,M_TWIN,1,8,1,0,0,0,8,9,9,108,8,32768,0
1,f32,8,4096,M,0,8,1,0,0,0,8,9,9,108,8,131072,0
1,f32,8,4096,R,0,8,0,8,1,0,8,8,8,128,8,131072,0
1,f32,8,4096,M_TWIN,1,8,1,0,0,0,8,9,9,108,8,131072,0
1,f32,8,16384,M,0,8,1,0,0,0,8,9,9,108,8,524288,0
1,f32,8,16384,R,0,8,0,8,1,0,8,8,8,128,8,524288,0
1,f32,8,16384,M_TWIN,1,8,1,0,0,0,8,9,9,108,8,524288,0
1,f32,8,65536,M,0,8,1,0,0,0,8,9,9,108,8,2097152,0
1,f32,8,65536,R,0,8,0,8,1,0,8,8,8,128,8,2097152,0
1,f32,8,65536,M_TWIN,1,8,1,0,0,0,8,9,9,108,8,2097152,0
1,f32,8,262144,M,0,8,1,0,0,0,8,9,9,108,8,8388608,0
1,f32,8,262144,R,0,8,0,8,1,0,8,8,8,128,8,8388608,0
1,f32,8,262144,M_TWIN,1,8,1,0,0,0,8,9,9,108,8,8388608,0
1,f32,8,1048576,M,0,8,1,0,0,0,8,9,9,108,8,33554432,0
1,f32,8,1048576,R,0,8,0,8,1,0,8,8,8,128,8,33554432,0
1,f32,8,1048576,M_TWIN,1,8,1,0,0,0,8,9,9,108,8,33554432,0
1,f32,8,4194304,M,0,8,1,0,0,0,8,9,9,108,8,134217728,0
1,f32,8,4194304,R,0,8,0,8,1,0,8,8,8,128,8,134217728,0
1,f32,8,4194304,M_TWIN,1,8,1,0,0,0,8,9,9,108,8,134217728,0
1,f32,8,16777216,M,0,8,1,0,0,0,8,9,9,108,8,536870912,0
1,f32,8,16777216,R,0,8,0,8,1,0,8,8,8,128,8,536870912,0
1,f32,8,16777216,M_TWIN,1,8,1,0,0,0,8,9,9,108,8,536870912,0
1,i32,1,64,M,0,1,1,0,0,0,1,2,2,24,1,256,0
1,i32,1,64,R,0,1,0,1,1,0,1,1,1,16,1,256,0
1,i32,1,64,M_TWIN,1,1,1,0,0,0,1,2,2,24,1,256,0
1,i32,1,1024,M,0,1,1,0,0,0,1,2,2,24,1,4096,0
1,i32,1,1024,R,0,1,0,1,1,0,1,1,1,16,1,4096,0
1,i32,1,1024,M_TWIN,1,1,1,0,0,0,1,2,2,24,1,4096,0
1,i32,1,4096,M,0,1,1,0,0,0,1,2,2,24,1,16384,0
1,i32,1,4096,R,0,1,0,1,1,0,1,1,1,16,1,16384,0
1,i32,1,4096,M_TWIN,1,1,1,0,0,0,1,2,2,24,1,16384,0
1,i32,1,16384,M,0,1,1,0,0,0,1,2,2,24,1,65536,0
1,i32,1,16384,R,0,1,0,1,1,0,1,1,1,16,1,65536,0
1,i32,1,16384,M_TWIN,1,1,1,0,0,0,1,2,2,24,1,65536,0
1,i32,1,65536,M,0,1,1,0,0,0,1,2,2,24,1,262144,0
1,i32,1,65536,R,0,1,0,1,1,0,1,1,1,16,1,262144,0
1,i32,1,65536,M_TWIN,1,1,1,0,0,0,1,2,2,24,1,262144,0
1,i32,1,262144,M,0,1,1,0,0,0,1,2,2,24,1,1048576,0
1,i32,1,262144,R,0,1,0,1,1,0,1,1,1,16,1,1048576,0
1,i32,1,262144,M_TWIN,1,1,1,0,0,0,1,2,2,24,1,1048576,0
1,i32,1,1048576,M,0,1,1,0,0,0,1,2,2,24,1,4194304,0
1,i32,1,1048576,R,0,1,0,1,1,0,1,1,1,16,1,4194304,0
1,i32,1,1048576,M_TWIN,1,1,1,0,0,0,1,2,2,24,1,4194304,0
1,i32,1,4194304,M,0,1,1,0,0,0,1,2,2,24,1,16777216,0
1,i32,1,4194304,R,0,1,0,1,1,0,1,1,1,16,1,16777216,0
1,i32,1,4194304,M_TWIN,1,1,1,0,0,0,1,2,2,24,1,16777216,0
1,i32,1,16777216,M,0,1,1,0,0,0,1,2,2,24,1,67108864,0
1,i32,1,16777216,R,0,1,0,1,1,0,1,1,1,16,1,67108864,0
1,i32,1,16777216,M_TWIN,1,1,1,0,0,0,1,2,2,24,1,67108864,0
1,i32,2,64,M,0,2,1,0,0,0,2,3,3,36,2,512,0
1,i32,2,64,R,0,2,0,2,1,0,2,2,2,32,2,512,0
1,i32,2,64,M_TWIN,1,2,1,0,0,0,2,3,3,36,2,512,0
1,i32,2,1024,M,0,2,1,0,0,0,2,3,3,36,2,8192,0
1,i32,2,1024,R,0,2,0,2,1,0,2,2,2,32,2,8192,0
1,i32,2,1024,M_TWIN,1,2,1,0,0,0,2,3,3,36,2,8192,0
1,i32,2,4096,M,0,2,1,0,0,0,2,3,3,36,2,32768,0
1,i32,2,4096,R,0,2,0,2,1,0,2,2,2,32,2,32768,0
1,i32,2,4096,M_TWIN,1,2,1,0,0,0,2,3,3,36,2,32768,0
1,i32,2,16384,M,0,2,1,0,0,0,2,3,3,36,2,131072,0
1,i32,2,16384,R,0,2,0,2,1,0,2,2,2,32,2,131072,0
1,i32,2,16384,M_TWIN,1,2,1,0,0,0,2,3,3,36,2,131072,0
1,i32,2,65536,M,0,2,1,0,0,0,2,3,3,36,2,524288,0
1,i32,2,65536,R,0,2,0,2,1,0,2,2,2,32,2,524288,0
1,i32,2,65536,M_TWIN,1,2,1,0,0,0,2,3,3,36,2,524288,0
1,i32,2,262144,M,0,2,1,0,0,0,2,3,3,36,2,2097152,0
1,i32,2,262144,R,0,2,0,2,1,0,2,2,2,32,2,2097152,0
1,i32,2,262144,M_TWIN,1,2,1,0,0,0,2,3,3,36,2,2097152,0
1,i32,2,1048576,M,0,2,1,0,0,0,2,3,3,36,2,8388608,0
1,i32,2,1048576,R,0,2,0,2,1,0,2,2,2,32,2,8388608,0
1,i32,2,1048576,M_TWIN,1,2,1,0,0,0,2,3,3,36,2,8388608,0
1,i32,2,4194304,M,0,2,1,0,0,0,2,3,3,36,2,33554432,0
1,i32,2,4194304,R,0,2,0,2,1,0,2,2,2,32,2,33554432,0
1,i32,2,4194304,M_TWIN,1,2,1,0,0,0,2,3,3,36,2,33554432,0
1,i32,2,16777216,M,0,2,1,0,0,0,2,3,3,36,2,134217728,0
1,i32,2,16777216,R,0,2,0,2,1,0,2,2,2,32,2,134217728,0
1,i32,2,16777216,M_TWIN,1,2,1,0,0,0,2,3,3,36,2,134217728,0
1,i32,3,64,M,0,3,1,0,0,0,3,4,4,48,3,768,0
1,i32,3,64,R,0,3,0,3,1,0,3,3,3,48,3,768,0
1,i32,3,64,M_TWIN,1,3,1,0,0,0,3,4,4,48,3,768,0
1,i32,3,1024,M,0,3,1,0,0,0,3,4,4,48,3,12288,0
1,i32,3,1024,R,0,3,0,3,1,0,3,3,3,48,3,12288,0
1,i32,3,1024,M_TWIN,1,3,1,0,0,0,3,4,4,48,3,12288,0
1,i32,3,4096,M,0,3,1,0,0,0,3,4,4,48,3,49152,0
1,i32,3,4096,R,0,3,0,3,1,0,3,3,3,48,3,49152,0
1,i32,3,4096,M_TWIN,1,3,1,0,0,0,3,4,4,48,3,49152,0
1,i32,3,16384,M,0,3,1,0,0,0,3,4,4,48,3,196608,0
1,i32,3,16384,R,0,3,0,3,1,0,3,3,3,48,3,196608,0
1,i32,3,16384,M_TWIN,1,3,1,0,0,0,3,4,4,48,3,196608,0
1,i32,3,65536,M,0,3,1,0,0,0,3,4,4,48,3,786432,0
1,i32,3,65536,R,0,3,0,3,1,0,3,3,3,48,3,786432,0
1,i32,3,65536,M_TWIN,1,3,1,0,0,0,3,4,4,48,3,786432,0
1,i32,3,262144,M,0,3,1,0,0,0,3,4,4,48,3,3145728,0
1,i32,3,262144,R,0,3,0,3,1,0,3,3,3,48,3,3145728,0
1,i32,3,262144,M_TWIN,1,3,1,0,0,0,3,4,4,48,3,3145728,0
1,i32,3,1048576,M,0,3,1,0,0,0,3,4,4,48,3,12582912,0
1,i32,3,1048576,R,0,3,0,3,1,0,3,3,3,48,3,12582912,0
1,i32,3,1048576,M_TWIN,1,3,1,0,0,0,3,4,4,48,3,12582912,0
1,i32,3,4194304,M,0,3,1,0,0,0,3,4,4,48,3,50331648,0
1,i32,3,4194304,R,0,3,0,3,1,0,3,3,3,48,3,50331648,0
1,i32,3,4194304,M_TWIN,1,3,1,0,0,0,3,4,4,48,3,50331648,0
1,i32,3,16777216,M,0,3,1,0,0,0,3,4,4,48,3,201326592,0
1,i32,3,16777216,R,0,3,0,3,1,0,3,3,3,48,3,201326592,0
1,i32,3,16777216,M_TWIN,1,3,1,0,0,0,3,4,4,48,3,201326592,0
1,i32,4,64,M,0,4,1,0,0,0,4,5,5,60,4,1024,0
1,i32,4,64,R,0,4,0,4,1,0,4,4,4,64,4,1024,0
1,i32,4,64,M_TWIN,1,4,1,0,0,0,4,5,5,60,4,1024,0
1,i32,4,1024,M,0,4,1,0,0,0,4,5,5,60,4,16384,0
1,i32,4,1024,R,0,4,0,4,1,0,4,4,4,64,4,16384,0
1,i32,4,1024,M_TWIN,1,4,1,0,0,0,4,5,5,60,4,16384,0
1,i32,4,4096,M,0,4,1,0,0,0,4,5,5,60,4,65536,0
1,i32,4,4096,R,0,4,0,4,1,0,4,4,4,64,4,65536,0
1,i32,4,4096,M_TWIN,1,4,1,0,0,0,4,5,5,60,4,65536,0
1,i32,4,16384,M,0,4,1,0,0,0,4,5,5,60,4,262144,0
1,i32,4,16384,R,0,4,0,4,1,0,4,4,4,64,4,262144,0
1,i32,4,16384,M_TWIN,1,4,1,0,0,0,4,5,5,60,4,262144,0
1,i32,4,65536,M,0,4,1,0,0,0,4,5,5,60,4,1048576,0
1,i32,4,65536,R,0,4,0,4,1,0,4,4,4,64,4,1048576,0
1,i32,4,65536,M_TWIN,1,4,1,0,0,0,4,5,5,60,4,1048576,0
1,i32,4,262144,M,0,4,1,0,0,0,4,5,5,60,4,4194304,0
1,i32,4,262144,R,0,4,0,4,1,0,4,4,4,64,4,4194304,0
1,i32,4,262144,M_TWIN,1,4,1,0,0,0,4,5,5,60,4,4194304,0
1,i32,4,1048576,M,0,4,1,0,0,0,4,5,5,60,4,16777216,0
1,i32,4,1048576,R,0,4,0,4,1,0,4,4,4,64,4,16777216,0
1,i32,4,1048576,M_TWIN,1,4,1,0,0,0,4,5,5,60,4,16777216,0
1,i32,4,4194304,M,0,4,1,0,0,0,4,5,5,60,4,67108864,0
1,i32,4,4194304,R,0,4,0,4,1,0,4,4,4,64,4,67108864,0
1,i32,4,4194304,M_TWIN,1,4,1,0,0,0,4,5,5,60,4,67108864,0
1,i32,4,16777216,M,0,4,1,0,0,0,4,5,5,60,4,268435456,0
1,i32,4,16777216,R,0,4,0,4,1,0,4,4,4,64,4,268435456,0
1,i32,4,16777216,M_TWIN,1,4,1,0,0,0,4,5,5,60,4,268435456,0
1,i32,6,64,M,0,6,1,0,0,0,6,7,7,84,7,1792,1
1,i32,6,64,R,0,6,0,6,1,0,6,6,6,96,7,1792,1
1,i32,6,64,M_TWIN,1,6,1,0,0,0,6,7,7,84,7,1792,1
1,i32,6,1024,M,0,6,1,0,0,0,6,7,7,84,6,24576,0
1,i32,6,1024,R,0,6,0,6,1,0,6,6,6,96,6,24576,0
1,i32,6,1024,M_TWIN,1,6,1,0,0,0,6,7,7,84,6,24576,0
1,i32,6,4096,M,0,6,1,0,0,0,6,7,7,84,6,98304,0
1,i32,6,4096,R,0,6,0,6,1,0,6,6,6,96,6,98304,0
1,i32,6,4096,M_TWIN,1,6,1,0,0,0,6,7,7,84,6,98304,0
1,i32,6,16384,M,0,6,1,0,0,0,6,7,7,84,6,393216,0
1,i32,6,16384,R,0,6,0,6,1,0,6,6,6,96,6,393216,0
1,i32,6,16384,M_TWIN,1,6,1,0,0,0,6,7,7,84,6,393216,0
1,i32,6,65536,M,0,6,1,0,0,0,6,7,7,84,6,1572864,0
1,i32,6,65536,R,0,6,0,6,1,0,6,6,6,96,6,1572864,0
1,i32,6,65536,M_TWIN,1,6,1,0,0,0,6,7,7,84,6,1572864,0
1,i32,6,262144,M,0,6,1,0,0,0,6,7,7,84,6,6291456,0
1,i32,6,262144,R,0,6,0,6,1,0,6,6,6,96,6,6291456,0
1,i32,6,262144,M_TWIN,1,6,1,0,0,0,6,7,7,84,6,6291456,0
1,i32,6,1048576,M,0,6,1,0,0,0,6,7,7,84,6,25165824,0
1,i32,6,1048576,R,0,6,0,6,1,0,6,6,6,96,6,25165824,0
1,i32,6,1048576,M_TWIN,1,6,1,0,0,0,6,7,7,84,6,25165824,0
1,i32,6,4194304,M,0,6,1,0,0,0,6,7,7,84,6,100663296,0
1,i32,6,4194304,R,0,6,0,6,1,0,6,6,6,96,6,100663296,0
1,i32,6,4194304,M_TWIN,1,6,1,0,0,0,6,7,7,84,6,100663296,0
1,i32,6,16777216,M,0,6,1,0,0,0,6,7,7,84,6,402653184,0
1,i32,6,16777216,R,0,6,0,6,1,0,6,6,6,96,6,402653184,0
1,i32,6,16777216,M_TWIN,1,6,1,0,0,0,6,7,7,84,6,402653184,0
1,i32,8,64,M,0,8,1,0,0,0,8,9,9,108,9,2304,1
1,i32,8,64,R,0,8,0,8,1,0,8,8,8,128,9,2304,1
1,i32,8,64,M_TWIN,1,8,1,0,0,0,8,9,9,108,9,2304,1
1,i32,8,1024,M,0,8,1,0,0,0,8,9,9,108,8,32768,0
1,i32,8,1024,R,0,8,0,8,1,0,8,8,8,128,8,32768,0
1,i32,8,1024,M_TWIN,1,8,1,0,0,0,8,9,9,108,8,32768,0
1,i32,8,4096,M,0,8,1,0,0,0,8,9,9,108,8,131072,0
1,i32,8,4096,R,0,8,0,8,1,0,8,8,8,128,8,131072,0
1,i32,8,4096,M_TWIN,1,8,1,0,0,0,8,9,9,108,8,131072,0
1,i32,8,16384,M,0,8,1,0,0,0,8,9,9,108,8,524288,0
1,i32,8,16384,R,0,8,0,8,1,0,8,8,8,128,8,524288,0
1,i32,8,16384,M_TWIN,1,8,1,0,0,0,8,9,9,108,8,524288,0
1,i32,8,65536,M,0,8,1,0,0,0,8,9,9,108,8,2097152,0
1,i32,8,65536,R,0,8,0,8,1,0,8,8,8,128,8,2097152,0
1,i32,8,65536,M_TWIN,1,8,1,0,0,0,8,9,9,108,8,2097152,0
1,i32,8,262144,M,0,8,1,0,0,0,8,9,9,108,8,8388608,0
1,i32,8,262144,R,0,8,0,8,1,0,8,8,8,128,8,8388608,0
1,i32,8,262144,M_TWIN,1,8,1,0,0,0,8,9,9,108,8,8388608,0
1,i32,8,1048576,M,0,8,1,0,0,0,8,9,9,108,8,33554432,0
1,i32,8,1048576,R,0,8,0,8,1,0,8,8,8,128,8,33554432,0
1,i32,8,1048576,M_TWIN,1,8,1,0,0,0,8,9,9,108,8,33554432,0
1,i32,8,4194304,M,0,8,1,0,0,0,8,9,9,108,8,134217728,0
1,i32,8,4194304,R,0,8,0,8,1,0,8,8,8,128,8,134217728,0
1,i32,8,4194304,M_TWIN,1,8,1,0,0,0,8,9,9,108,8,134217728,0
1,i32,8,16777216,M,0,8,1,0,0,0,8,9,9,108,8,536870912,0
1,i32,8,16777216,R,0,8,0,8,1,0,8,8,8,128,8,536870912,0
1,i32,8,16777216,M_TWIN,1,8,1,0,0,0,8,9,9,108,8,536870912,0
